Position,RatingTier,StatCheck,StatValue,StatTier,SkillPoint,StatHigh,StatLow
HB,tier_0,ScrimmageYardsPerGame,100-250,tier_0,1,251,100
HB,tier_0,ScrimmageYardsPerGame,80-99,tier_1,-1,100,80
HB,tier_0,ScrimmageYardsPerGame,60-79,tier_2,-3,80,60
HB,tier_0,ScrimmageYardsPerGame,40-59,tier_3,-9,60,40
HB,tier_0,ScrimmageYardsPerGame,20-39,tier_4,-12,40,20
HB,tier_0,ScrimmageYardsPerGame,0-19,tier_5,-15,20,0
HB,tier_0,ScrimmageTDsPerGame,1-5,tier_0,1,6,1
HB,tier_0,ScrimmageTDsPerGame,0.80-0.99,tier_1,0,1.0,0.80
HB,tier_0,ScrimmageTDsPerGame,0.60-0.79,tier_2,-1,0.8,0.60
HB,tier_0,ScrimmageTDsPerGame,0.40-0.59,tier_3,-3,0.6,0.40
HB,tier_0,ScrimmageTDsPerGame,0.20-0.39,tier_4,-5,0.4,0.20
HB,tier_0,ScrimmageTDsPerGame,0.00-0.19,tier_5,-8,0.2,0.00
HB,tier_0,RUSHFUMBLES,0,tier_0,1,0,0
HB,tier_0,RUSHFUMBLES,1,tier_1,0,1,1
HB,tier_0,RUSHFUMBLES,2,tier_2,-1,2,2
HB,tier_0,RUSHFUMBLES,3,tier_3,-2,3,3
HB,tier_0,RUSHFUMBLES,4,tier_4,-3,4,4
HB,tier_0,RUSHFUMBLES,5-25,tier_5,-5,26,5
HB,tier_1,ScrimmageYardsPerGame,100-250,tier_0,3,251,100
HB,tier_1,ScrimmageYardsPerGame,80-99,tier_1,0,100,80
HB,tier_1,ScrimmageYardsPerGame,60-79,tier_2,-2,80,60
HB,tier_1,ScrimmageYardsPerGame,40-59,tier_3,-4,60,40
HB,tier_1,ScrimmageYardsPerGame,20-39,tier_4,-8,40,20
HB,tier_1,ScrimmageYardsPerGame,0-19,tier_5,-10,20,0
HB,tier_1,ScrimmageTDsPerGame,1-5,tier_0,3,6,1
HB,tier_1,ScrimmageTDsPerGame,0.80-0.99,tier_1,1,1.0,0.80
HB,tier_1,ScrimmageTDsPerGame,0.60-0.79,tier_2,0,0.8,0.60
HB,tier_1,ScrimmageTDsPerGame,0.40-0.59,tier_3,-1,0.6,0.40
HB,tier_1,ScrimmageTDsPerGame,0.20-0.39,tier_4,-4,0.4,0.20
HB,tier_1,ScrimmageTDsPerGame,0.00-0.19,tier_5,-6,0.2,0.00
HB,tier_1,RUSHFUMBLES,0,tier_0,1,0,0
HB,tier_1,RUSHFUMBLES,1,tier_1,0,1,1
HB,tier_1,RUSHFUMBLES,2,tier_2,-1,2,2
HB,tier_1,RUSHFUMBLES,3,tier_3,-2,3,3
HB,tier_1,RUSHFUMBLES,4,tier_4,-3,4,4
HB,tier_1,RUSHFUMBLES,5-25,tier_5,-4,26,5
HB,tier_2,ScrimmageYardsPerGame,100-250,tier_0,4,251,100
HB,tier_2,ScrimmageYardsPerGame,80-99,tier_1,2,100,80
HB,tier_2,ScrimmageYardsPerGame,60-79,tier_2,0,80,60
HB,tier_2,ScrimmageYardsPerGame,40-59,tier_3,-2,60,40
HB,tier_2,ScrimmageYardsPerGame,20-39,tier_4,-5,40,20
HB,tier_2,ScrimmageYardsPerGame,0-19,tier_5,-7,20,0
HB,tier_2,ScrimmageTDsPerGame,1-5,tier_0,4,6,1
HB,tier_2,ScrimmageTDsPerGame,0.80-0.99,tier_1,2,1.0,0.80
HB,tier_2,ScrimmageTDsPerGame,0.60-0.79,tier_2,1,0.8,0.60
HB,tier_2,ScrimmageTDsPerGame,0.40-0.59,tier_3,-1,0.6,0.40
HB,tier_2,ScrimmageTDsPerGame,0.20-0.39,tier_4,-2,0.4,0.20
HB,tier_2,ScrimmageTDsPerGame,0.00-0.19,tier_5,-4,0.2,0.00
HB,tier_2,RUSHFUMBLES,0,tier_0,1,0,0
HB,tier_2,RUSHFUMBLES,1,tier_1,0,1,1
HB,tier_2,RUSHFUMBLES,2,tier_2,0,2,2
HB,tier_2,RUSHFUMBLES,3,tier_3,-1,3,3
HB,tier_2,RUSHFUMBLES,4,tier_4,-3,4,4
HB,tier_2,RUSHFUMBLES,5-25,tier_5,-4,26,5
HB,tier_3,ScrimmageYardsPerGame,100-250,tier_0,5,251,100
HB,tier_3,ScrimmageYardsPerGame,80-99,tier_1,3,100,80
HB,tier_3,ScrimmageYardsPerGame,60-79,tier_2,1,80,60
HB,tier_3,ScrimmageYardsPerGame,40-59,tier_3,-1,60,40
HB,tier_3,ScrimmageYardsPerGame,20-39,tier_4,-3,40,20
HB,tier_3,ScrimmageYardsPerGame,0-19,tier_5,-5,20,0
HB,tier_3,ScrimmageTDsPerGame,1-5,tier_0,5,6,1
HB,tier_3,ScrimmageTDsPerGame,0.80-0.99,tier_1,3,1.0,0.80
HB,tier_3,ScrimmageTDsPerGame,0.60-0.79,tier_2,2,0.8,0.60
HB,tier_3,ScrimmageTDsPerGame,0.40-0.59,tier_3,0,0.6,0.40
HB,tier_3,ScrimmageTDsPerGame,0.20-0.39,tier_4,-1,0.4,0.20
HB,tier_3,ScrimmageTDsPerGame,0.00-0.19,tier_5,-3,0.2,0.00
HB,tier_3,RUSHFUMBLES,0,tier_0,1,0,0
HB,tier_3,RUSHFUMBLES,1,tier_1,0,1,1
HB,tier_3,RUSHFUMBLES,2,tier_2,0,2,2
HB,tier_3,RUSHFUMBLES,3,tier_3,-1,3,3
HB,tier_3,RUSHFUMBLES,4,tier_4,-2,4,4
HB,tier_3,RUSHFUMBLES,5-25,tier_5,-3,26,5
HB,tier_4,ScrimmageYardsPerGame,100-250,tier_0,7,251,100
HB,tier_4,ScrimmageYardsPerGame,80-99,tier_1,5,100,80
HB,tier_4,ScrimmageYardsPerGame,60-79,tier_2,2,80,60
HB,tier_4,ScrimmageYardsPerGame,40-59,tier_3,0,60,40
HB,tier_4,ScrimmageYardsPerGame,20-39,tier_4,-2,40,20
HB,tier_4,ScrimmageYardsPerGame,0-19,tier_5,-4,20,0
HB,tier_4,ScrimmageTDsPerGame,1-5,tier_0,7,6,1
HB,tier_4,ScrimmageTDsPerGame,0.80-0.99,tier_1,5,1.0,0.80
HB,tier_4,ScrimmageTDsPerGame,0.60-0.79,tier_2,3,0.8,0.60
HB,tier_4,ScrimmageTDsPerGame,0.40-0.59,tier_3,1,0.6,0.40
HB,tier_4,ScrimmageTDsPerGame,0.20-0.39,tier_4,0,0.4,0.20
HB,tier_4,ScrimmageTDsPerGame,0.00-0.19,tier_5,-2,0.2,0.00
HB,tier_4,RUSHFUMBLES,0,tier_0,1,0,0
HB,tier_4,RUSHFUMBLES,1,tier_1,0,1,1
HB,tier_4,RUSHFUMBLES,2,tier_2,0,2,2
HB,tier_4,RUSHFUMBLES,3,tier_3,-1,3,3
HB,tier_4,RUSHFUMBLES,4,tier_4,-2,4,4
HB,tier_4,RUSHFUMBLES,5-25,tier_5,-3,26,5
HB,tier_5,ScrimmageYardsPerGame,100-250,tier_0,9,251,100
HB,tier_5,ScrimmageYardsPerGame,80-99,tier_1,6,100,80
HB,tier_5,ScrimmageYardsPerGame,60-79,tier_2,3,80,60
HB,tier_5,ScrimmageYardsPerGame,40-59,tier_3,1,60,40
HB,tier_5,ScrimmageYardsPerGame,20-39,tier_4,0,40,20
HB,tier_5,ScrimmageYardsPerGame,0-19,tier_5,-1,20,0
HB,tier_5,ScrimmageTDsPerGame,1-5,tier_0,9,6,1
HB,tier_5,ScrimmageTDsPerGame,0.80-0.99,tier_1,6,1.0,0.80
HB,tier_5,ScrimmageTDsPerGame,0.60-0.79,tier_2,4,0.8,0.60
HB,tier_5,ScrimmageTDsPerGame,0.40-0.59,tier_3,2,0.6,0.40
HB,tier_5,ScrimmageTDsPerGame,0.20-0.39,tier_4,0,0.4,0.20
HB,tier_5,ScrimmageTDsPerGame,0.00-0.19,tier_5,-1,0.2,0.00
HB,tier_5,RUSHFUMBLES,0,tier_0,1,0,0
HB,tier_5,RUSHFUMBLES,1,tier_1,0,1,1
HB,tier_5,RUSHFUMBLES,2,tier_2,0,2,2
HB,tier_5,RUSHFUMBLES,3,tier_3,-1,3,3
HB,tier_5,RUSHFUMBLES,4,tier_4,-2,4,4
HB,tier_5,RUSHFUMBLES,5-25,tier_5,-3,26,5
HB,tier_6,ScrimmageYardsPerGame,100-250,tier_0,12,251,100
HB,tier_6,ScrimmageYardsPerGame,80-99,tier_1,8,100,80
HB,tier_6,ScrimmageYardsPerGame,60-79,tier_2,6,80,60
HB,tier_6,ScrimmageYardsPerGame,40-59,tier_3,4,60,40
HB,tier_6,ScrimmageYardsPerGame,20-39,tier_4,2,40,20
HB,tier_6,ScrimmageYardsPerGame,0-19,tier_5,-1,20,0
HB,tier_6,ScrimmageTDsPerGame,1-5,tier_0,12,6,1
HB,tier_6,ScrimmageTDsPerGame,0.80-0.99,tier_1,8,1.0,0.80
HB,tier_6,ScrimmageTDsPerGame,0.60-0.79,tier_2,6,0.8,0.60
HB,tier_6,ScrimmageTDsPerGame,0.40-0.59,tier_3,4,0.6,0.40
HB,tier_6,ScrimmageTDsPerGame,0.20-0.39,tier_4,2,0.4,0.20
HB,tier_6,ScrimmageTDsPerGame,0.00-0.19,tier_5,0,0.2,0.00
HB,tier_6,RUSHFUMBLES,0,tier_0,1,0,0
HB,tier_6,RUSHFUMBLES,1,tier_1,0,1,1
HB,tier_6,RUSHFUMBLES,2,tier_2,0,2,2
HB,tier_6,RUSHFUMBLES,3,tier_3,-1,3,3
HB,tier_6,RUSHFUMBLES,4,tier_4,-2,4,4
HB,tier_6,RUSHFUMBLES,5-25,tier_5,-3,26,5
WR,tier_0,ScrimmageYardsPerGame,80-250,tier_0,1,251,80
WR,tier_0,ScrimmageYardsPerGame,65-79,tier_1,-1,80,65
WR,tier_0,ScrimmageYardsPerGame,50-64,tier_2,-3,65,50
WR,tier_0,ScrimmageYardsPerGame,35-49,tier_3,-7,50,35
WR,tier_0,ScrimmageYardsPerGame,20-34,tier_4,-10,35,20
WR,tier_0,ScrimmageYardsPerGame,0-19,tier_5,-15,20,0
WR,tier_0,ScrimmageTDsPerGame,0.65-5.00,tier_0,1,5.01,0.65
WR,tier_0,ScrimmageTDsPerGame,0.50-0.64,tier_1,0,0.65,0.50
WR,tier_0,ScrimmageTDsPerGame,0.40-0.49,tier_2,-1,0.5,0.40
WR,tier_0,ScrimmageTDsPerGame,0.30-0.39,tier_3,-3,0.4,0.30
WR,tier_0,ScrimmageTDsPerGame,0.15-0.29,tier_4,-5,0.3,0.15
WR,tier_0,ScrimmageTDsPerGame,0.00-0.14,tier_5,-7,0.15000000000000002,0.00
WR,tier_1,ScrimmageYardsPerGame,80-250,tier_0,2,251,80
WR,tier_1,ScrimmageYardsPerGame,65-79,tier_1,0,80,65
WR,tier_1,ScrimmageYardsPerGame,50-64,tier_2,-2,65,50
WR,tier_1,ScrimmageYardsPerGame,35-49,tier_3,-5,50,35
WR,tier_1,ScrimmageYardsPerGame,20-34,tier_4,-7,35,20
WR,tier_1,ScrimmageYardsPerGame,0-19,tier_5,-10,20,0
WR,tier_1,ScrimmageTDsPerGame,0.65-5.00,tier_0,2,5.01,0.65
WR,tier_1,ScrimmageTDsPerGame,0.50-0.64,tier_1,1,0.65,0.50
WR,tier_1,ScrimmageTDsPerGame,0.40-0.49,tier_2,-1,0.5,0.40
WR,tier_1,ScrimmageTDsPerGame,0.30-0.39,tier_3,-2,0.4,0.30
WR,tier_1,ScrimmageTDsPerGame,0.15-0.29,tier_4,-4,0.3,0.15
WR,tier_1,ScrimmageTDsPerGame,0.00-0.14,tier_5,-6,0.15000000000000002,0.00
WR,tier_2,ScrimmageYardsPerGame,80-250,tier_0,4,251,80
WR,tier_2,ScrimmageYardsPerGame,65-79,tier_1,2,80,65
WR,tier_2,ScrimmageYardsPerGame,50-64,tier_2,0,65,50
WR,tier_2,ScrimmageYardsPerGame,35-49,tier_3,-3,50,35
WR,tier_2,ScrimmageYardsPerGame,20-34,tier_4,-5,35,20
WR,tier_2,ScrimmageYardsPerGame,0-19,tier_5,-8,20,0
WR,tier_2,ScrimmageTDsPerGame,0.65-5.00,tier_0,4,5.01,0.65
WR,tier_2,ScrimmageTDsPerGame,0.50-0.64,tier_1,2,0.65,0.50
WR,tier_2,ScrimmageTDsPerGame,0.40-0.49,tier_2,0,0.5,0.40
WR,tier_2,ScrimmageTDsPerGame,0.30-0.39,tier_3,-1,0.4,0.30
WR,tier_2,ScrimmageTDsPerGame,0.15-0.29,tier_4,-3,0.3,0.15
WR,tier_2,ScrimmageTDsPerGame,0.00-0.14,tier_5,-5,0.15000000000000002,0.00
WR,tier_3,ScrimmageYardsPerGame,80-250,tier_0,6,251,80
WR,tier_3,ScrimmageYardsPerGame,65-79,tier_1,3,80,65
WR,tier_3,ScrimmageYardsPerGame,50-64,tier_2,1,65,50
WR,tier_3,ScrimmageYardsPerGame,35-49,tier_3,-2,50,35
WR,tier_3,ScrimmageYardsPerGame,20-34,tier_4,-4,35,20
WR,tier_3,ScrimmageYardsPerGame,0-19,tier_5,-6,20,0
WR,tier_3,ScrimmageTDsPerGame,0.65-5.00,tier_0,6,5.01,0.65
WR,tier_3,ScrimmageTDsPerGame,0.50-0.64,tier_1,4,0.65,0.50
WR,tier_3,ScrimmageTDsPerGame,0.40-0.49,tier_2,1,0.5,0.40
WR,tier_3,ScrimmageTDsPerGame,0.30-0.39,tier_3,0,0.4,0.30
WR,tier_3,ScrimmageTDsPerGame,0.15-0.29,tier_4,-2,0.3,0.15
WR,tier_3,ScrimmageTDsPerGame,0.00-0.14,tier_5,-4,0.15000000000000002,0.00
WR,tier_4,ScrimmageYardsPerGame,80-250,tier_0,8,251,80
WR,tier_4,ScrimmageYardsPerGame,65-79,tier_1,5,80,65
WR,tier_4,ScrimmageYardsPerGame,50-64,tier_2,2,65,50
WR,tier_4,ScrimmageYardsPerGame,35-49,tier_3,0,50,35
WR,tier_4,ScrimmageYardsPerGame,20-34,tier_4,-2,35,20
WR,tier_4,ScrimmageYardsPerGame,0-19,tier_5,-4,20,0
WR,tier_4,ScrimmageTDsPerGame,0.65-5.00,tier_0,8,5.01,0.65
WR,tier_4,ScrimmageTDsPerGame,0.50-0.64,tier_1,5,0.65,0.50
WR,tier_4,ScrimmageTDsPerGame,0.40-0.49,tier_2,3,0.5,0.40
WR,tier_4,ScrimmageTDsPerGame,0.30-0.39,tier_3,0,0.4,0.30
WR,tier_4,ScrimmageTDsPerGame,0.15-0.29,tier_4,-1,0.3,0.15
WR,tier_4,ScrimmageTDsPerGame,0.00-0.14,tier_5,-3,0.15000000000000002,0.00
WR,tier_5,ScrimmageYardsPerGame,80-250,tier_0,10,251,80
WR,tier_5,ScrimmageYardsPerGame,65-79,tier_1,7,80,65
WR,tier_5,ScrimmageYardsPerGame,50-64,tier_2,5,65,50
WR,tier_5,ScrimmageYardsPerGame,35-49,tier_3,2,50,35
WR,tier_5,ScrimmageYardsPerGame,20-34,tier_4,0,35,20
WR,tier_5,ScrimmageYardsPerGame,0-19,tier_5,-2,20,0
WR,tier_5,ScrimmageTDsPerGame,0.65-5.00,tier_0,10,5.01,0.65
WR,tier_5,ScrimmageTDsPerGame,0.50-0.64,tier_1,7,0.65,0.50
WR,tier_5,ScrimmageTDsPerGame,0.40-0.49,tier_2,4,0.5,0.40
WR,tier_5,ScrimmageTDsPerGame,0.30-0.39,tier_3,2,0.4,0.30
WR,tier_5,ScrimmageTDsPerGame,0.15-0.29,tier_4,0,0.3,0.15
WR,tier_5,ScrimmageTDsPerGame,0.00-0.14,tier_5,-1,0.15000000000000002,0.00
WR,tier_6,ScrimmageYardsPerGame,80-250,tier_0,12,251,80
WR,tier_6,ScrimmageYardsPerGame,65-79,tier_1,10,80,65
WR,tier_6,ScrimmageYardsPerGame,50-64,tier_2,7,65,50
WR,tier_6,ScrimmageYardsPerGame,35-49,tier_3,4,50,35
WR,tier_6,ScrimmageYardsPerGame,20-34,tier_4,2,35,20
WR,tier_6,ScrimmageYardsPerGame,0-19,tier_5,-1,20,0
WR,tier_6,ScrimmageTDsPerGame,0.65-5.00,tier_0,12,5.01,0.65
WR,tier_6,ScrimmageTDsPerGame,0.50-0.64,tier_1,10,0.65,0.50
WR,tier_6,ScrimmageTDsPerGame,0.40-0.49,tier_2,7,0.5,0.40
WR,tier_6,ScrimmageTDsPerGame,0.30-0.39,tier_3,4,0.4,0.30
WR,tier_6,ScrimmageTDsPerGame,0.15-0.29,tier_4,2,0.3,0.15
WR,tier_6,ScrimmageTDsPerGame,0.00-0.14,tier_5,0,0.15000000000000002,0.00
TE,tier_0,ScrimmageYardsPerGame,60-250,tier_0,1,251,60
TE,tier_0,ScrimmageYardsPerGame,45-59,tier_1,-2,60,45
TE,tier_0,ScrimmageYardsPerGame,35-44,tier_2,-4,45,35
TE,tier_0,ScrimmageYardsPerGame,20-34,tier_3,-6,35,20
TE,tier_0,ScrimmageYardsPerGame,10-19,tier_4,-9,20,10
TE,tier_0,ScrimmageYardsPerGame,0-9,tier_5,-12,10,0
TE,tier_0,ScrimmageTDsPerGame,0.60-5.00,tier_0,1,5.01,0.60
TE,tier_0,ScrimmageTDsPerGame,0.45-0.59,tier_1,0,0.6,0.45
TE,tier_0,ScrimmageTDsPerGame,0.30-0.44,tier_2,-1,0.45,0.30
TE,tier_0,ScrimmageTDsPerGame,0.20-0.29,tier_3,-3,0.3,0.20
TE,tier_0,ScrimmageTDsPerGame,0.10-0.19,tier_4,-5,0.2,0.10
TE,tier_0,ScrimmageTDsPerGame,0.00-0.09,tier_5,-7,0.1,0.00
TE,tier_1,ScrimmageYardsPerGame,60-250,tier_0,2,251,60
TE,tier_1,ScrimmageYardsPerGame,45-59,tier_1,0,60,45
TE,tier_1,ScrimmageYardsPerGame,35-44,tier_2,-2,45,35
TE,tier_1,ScrimmageYardsPerGame,20-34,tier_3,-5,35,20
TE,tier_1,ScrimmageYardsPerGame,10-19,tier_4,-7,20,10
TE,tier_1,ScrimmageYardsPerGame,0-9,tier_5,-10,10,0
TE,tier_1,ScrimmageTDsPerGame,0.60-5.00,tier_0,2,5.01,0.60
TE,tier_1,ScrimmageTDsPerGame,0.45-0.59,tier_1,1,0.6,0.45
TE,tier_1,ScrimmageTDsPerGame,0.30-0.44,tier_2,-1,0.45,0.30
TE,tier_1,ScrimmageTDsPerGame,0.20-0.29,tier_3,-2,0.3,0.20
TE,tier_1,ScrimmageTDsPerGame,0.10-0.19,tier_4,-4,0.2,0.10
TE,tier_1,ScrimmageTDsPerGame,0.00-0.09,tier_5,-6,0.1,0.00
TE,tier_2,ScrimmageYardsPerGame,60-250,tier_0,4,251,60
TE,tier_2,ScrimmageYardsPerGame,45-59,tier_1,2,60,45
TE,tier_2,ScrimmageYardsPerGame,35-44,tier_2,-1,45,35
TE,tier_2,ScrimmageYardsPerGame,20-34,tier_3,-4,35,20
TE,tier_2,ScrimmageYardsPerGame,10-19,tier_4,-6,20,10
TE,tier_2,ScrimmageYardsPerGame,0-9,tier_5,-8,10,0
TE,tier_2,ScrimmageTDsPerGame,0.60-5.00,tier_0,4,5.01,0.60
TE,tier_2,ScrimmageTDsPerGame,0.45-0.59,tier_1,2,0.6,0.45
TE,tier_2,ScrimmageTDsPerGame,0.30-0.44,tier_2,0,0.45,0.30
TE,tier_2,ScrimmageTDsPerGame,0.20-0.29,tier_3,-1,0.3,0.20
TE,tier_2,ScrimmageTDsPerGame,0.10-0.19,tier_4,-3,0.2,0.10
TE,tier_2,ScrimmageTDsPerGame,0.00-0.09,tier_5,-5,0.1,0.00
TE,tier_3,ScrimmageYardsPerGame,60-250,tier_0,6,251,60
TE,tier_3,ScrimmageYardsPerGame,45-59,tier_1,3,60,45
TE,tier_3,ScrimmageYardsPerGame,35-44,tier_2,0,45,35
TE,tier_3,ScrimmageYardsPerGame,20-34,tier_3,-2,35,20
TE,tier_3,ScrimmageYardsPerGame,10-19,tier_4,-5,20,10
TE,tier_3,ScrimmageYardsPerGame,0-9,tier_5,-7,10,0
TE,tier_3,ScrimmageTDsPerGame,0.60-5.00,tier_0,6,5.01,0.60
TE,tier_3,ScrimmageTDsPerGame,0.45-0.59,tier_1,4,0.6,0.45
TE,tier_3,ScrimmageTDsPerGame,0.30-0.44,tier_2,1,0.45,0.30
TE,tier_3,ScrimmageTDsPerGame,0.20-0.29,tier_3,0,0.3,0.20
TE,tier_3,ScrimmageTDsPerGame,0.10-0.19,tier_4,-2,0.2,0.10
TE,tier_3,ScrimmageTDsPerGame,0.00-0.09,tier_5,-4,0.1,0.00
TE,tier_4,ScrimmageYardsPerGame,60-250,tier_0,8,251,60
TE,tier_4,ScrimmageYardsPerGame,45-59,tier_1,5,60,45
TE,tier_4,ScrimmageYardsPerGame,35-44,tier_2,2,45,35
TE,tier_4,ScrimmageYardsPerGame,20-34,tier_3,0,35,20
TE,tier_4,ScrimmageYardsPerGame,10-19,tier_4,-3,20,10
TE,tier_4,ScrimmageYardsPerGame,0-9,tier_5,-5,10,0
TE,tier_4,ScrimmageTDsPerGame,0.60-5.00,tier_0,8,5.01,0.60
TE,tier_4,ScrimmageTDsPerGame,0.45-0.59,tier_1,5,0.6,0.45
TE,tier_4,ScrimmageTDsPerGame,0.30-0.44,tier_2,3,0.45,0.30
TE,tier_4,ScrimmageTDsPerGame,0.20-0.29,tier_3,1,0.3,0.20
TE,tier_4,ScrimmageTDsPerGame,0.10-0.19,tier_4,-1,0.2,0.10
TE,tier_4,ScrimmageTDsPerGame,0.00-0.09,tier_5,-3,0.1,0.00
TE,tier_5,ScrimmageYardsPerGame,60-250,tier_0,10,251,60
TE,tier_5,ScrimmageYardsPerGame,45-59,tier_1,7,60,45
TE,tier_5,ScrimmageYardsPerGame,35-44,tier_2,5,45,35
TE,tier_5,ScrimmageYardsPerGame,20-34,tier_3,2,35,20
TE,tier_5,ScrimmageYardsPerGame,10-19,tier_4,0,20,10
TE,tier_5,ScrimmageYardsPerGame,0-9,tier_5,-3,10,0
TE,tier_5,ScrimmageTDsPerGame,0.60-5.00,tier_0,10,5.01,0.60
TE,tier_5,ScrimmageTDsPerGame,0.45-0.59,tier_1,7,0.6,0.45
TE,tier_5,ScrimmageTDsPerGame,0.30-0.44,tier_2,4,0.45,0.30
TE,tier_5,ScrimmageTDsPerGame,0.20-0.29,tier_3,2,0.3,0.20
TE,tier_5,ScrimmageTDsPerGame,0.10-0.19,tier_4,0,0.2,0.10
TE,tier_5,ScrimmageTDsPerGame,0.00-0.09,tier_5,-2,0.1,0.00
TE,tier_6,ScrimmageYardsPerGame,60-250,tier_0,12,251,60
TE,tier_6,ScrimmageYardsPerGame,45-59,tier_1,10,60,45
TE,tier_6,ScrimmageYardsPerGame,35-44,tier_2,7,45,35
TE,tier_6,ScrimmageYardsPerGame,20-34,tier_3,4,35,20
TE,tier_6,ScrimmageYardsPerGame,10-19,tier_4,1,20,10
TE,tier_6,ScrimmageYardsPerGame,0-9,tier_5,-1,10,0
TE,tier_6,ScrimmageTDsPerGame,0.60-5.00,tier_0,12,5.01,0.60
TE,tier_6,ScrimmageTDsPerGame,0.45-0.59,tier_1,10,0.6,0.45
TE,tier_6,ScrimmageTDsPerGame,0.30-0.44,tier_2,7,0.45,0.30
TE,tier_6,ScrimmageTDsPerGame,0.20-0.29,tier_3,4,0.3,0.20
TE,tier_6,ScrimmageTDsPerGame,0.10-0.19,tier_4,2,0.2,0.10
TE,tier_6,ScrimmageTDsPerGame,0.00-0.09,tier_5,0,0.1,0.00
LT,tier_0,SacksPer1000Snaps,0.00-6.00,tier_0,1,6.01,0.00
LT,tier_0,SacksPer1000Snaps,6.01-8.00,tier_1,-1,8.01,6.01
LT,tier_0,SacksPer1000Snaps,8.01-12.00,tier_2,-3,12.01,8.01
LT,tier_0,SacksPer1000Snaps,12.01-15.00,tier_3,-6,15.01,12.01
LT,tier_0,SacksPer1000Snaps,15.01-20.00,tier_4,-10,20.01,15.01
LT,tier_0,SacksPer1000Snaps,20.01-100.00,tier_5,-12,100.01,20.01
LT,tier_1,SacksPer1000Snaps,0.00-6.00,tier_0,2,6.01,0.00
LT,tier_1,SacksPer1000Snaps,6.01-8.00,tier_1,0,8.01,6.01
LT,tier_1,SacksPer1000Snaps,8.01-12.00,tier_2,-2,12.01,8.01
LT,tier_1,SacksPer1000Snaps,12.01-15.00,tier_3,-5,15.01,12.01
LT,tier_1,SacksPer1000Snaps,15.01-20.00,tier_4,-8,20.01,15.01
LT,tier_1,SacksPer1000Snaps,20.01-100.00,tier_5,-10,100.01,20.01
LT,tier_2,SacksPer1000Snaps,0.00-6.00,tier_0,4,6.01,0.00
LT,tier_2,SacksPer1000Snaps,6.01-8.00,tier_1,2,8.01,6.01
LT,tier_2,SacksPer1000Snaps,8.01-12.00,tier_2,-1,12.01,8.01
LT,tier_2,SacksPer1000Snaps,12.01-15.00,tier_3,-3,15.01,12.01
LT,tier_2,SacksPer1000Snaps,15.01-20.00,tier_4,-6,20.01,15.01
LT,tier_2,SacksPer1000Snaps,20.01-100.00,tier_5,-8,100.01,20.01
LT,tier_3,SacksPer1000Snaps,0.00-6.00,tier_0,6,6.01,0.00
LT,tier_3,SacksPer1000Snaps,6.01-8.00,tier_1,3,8.01,6.01
LT,tier_3,SacksPer1000Snaps,8.01-12.00,tier_2,0,12.01,8.01
LT,tier_3,SacksPer1000Snaps,12.01-15.00,tier_3,-2,15.01,12.01
LT,tier_3,SacksPer1000Snaps,15.01-20.00,tier_4,-5,20.01,15.01
LT,tier_3,SacksPer1000Snaps,20.01-100.00,tier_5,-7,100.01,20.01
LT,tier_4,SacksPer1000Snaps,0.00-6.00,tier_0,8,6.01,0.00
LT,tier_4,SacksPer1000Snaps,6.01-8.00,tier_1,5,8.01,6.01
LT,tier_4,SacksPer1000Snaps,8.01-12.00,tier_2,2,12.01,8.01
LT,tier_4,SacksPer1000Snaps,12.01-15.00,tier_3,-1,15.01,12.01
LT,tier_4,SacksPer1000Snaps,15.01-20.00,tier_4,-4,20.01,15.01
LT,tier_4,SacksPer1000Snaps,20.01-100.00,tier_5,-6,100.01,20.01
LT,tier_5,SacksPer1000Snaps,0.00-6.00,tier_0,10,6.01,0.00
LT,tier_5,SacksPer1000Snaps,6.01-8.00,tier_1,6,8.01,6.01
LT,tier_5,SacksPer1000Snaps,8.01-12.00,tier_2,3,12.01,8.01
LT,tier_5,SacksPer1000Snaps,12.01-15.00,tier_3,0,15.01,12.01
LT,tier_5,SacksPer1000Snaps,15.01-20.00,tier_4,-3,20.01,15.01
LT,tier_5,SacksPer1000Snaps,20.01-100.00,tier_5,-5,100.01,20.01
LT,tier_6,SacksPer1000Snaps,0.00-6.00,tier_0,12,6.01,0.00
LT,tier_6,SacksPer1000Snaps,6.01-8.00,tier_1,8,8.01,6.01
LT,tier_6,SacksPer1000Snaps,8.01-12.00,tier_2,5,12.01,8.01
LT,tier_6,SacksPer1000Snaps,12.01-15.00,tier_3,2,15.01,12.01
LT,tier_6,SacksPer1000Snaps,15.01-20.00,tier_4,-1,20.01,15.01
LT,tier_6,SacksPer1000Snaps,20.01-100.00,tier_5,-3,100.01,20.01
RT,tier_0,SacksPer1000Snaps,0.00-5.00,tier_0,1,5.01,0.00
RT,tier_0,SacksPer1000Snaps,5.01-6.50,tier_1,-1,6.51,5.01
RT,tier_0,SacksPer1000Snaps,6.51-8.00,tier_2,-3,8.01,6.51
RT,tier_0,SacksPer1000Snaps,8.01-12.00,tier_3,-6,12.01,8.01
RT,tier_0,SacksPer1000Snaps,12.01-15.00,tier_4,-10,15.01,12.01
RT,tier_0,SacksPer1000Snaps,15.01-100.00,tier_5,-12,100.01,15.01
RT,tier_1,SacksPer1000Snaps,0.00-5.00,tier_0,2,5.01,0.00
RT,tier_1,SacksPer1000Snaps,5.01-6.50,tier_1,0,6.51,5.01
RT,tier_1,SacksPer1000Snaps,6.51-8.00,tier_2,-2,8.01,6.51
RT,tier_1,SacksPer1000Snaps,8.01-12.00,tier_3,-5,12.01,8.01
RT,tier_1,SacksPer1000Snaps,12.01-15.00,tier_4,-8,15.01,12.01
RT,tier_1,SacksPer1000Snaps,15.01-100.00,tier_5,-10,100.01,15.01
RT,tier_2,SacksPer1000Snaps,0.00-5.00,tier_0,4,5.01,0.00
RT,tier_2,SacksPer1000Snaps,5.01-6.50,tier_1,2,6.51,5.01
RT,tier_2,SacksPer1000Snaps,6.51-8.00,tier_2,-1,8.01,6.51
RT,tier_2,SacksPer1000Snaps,8.01-12.00,tier_3,-3,12.01,8.01
RT,tier_2,SacksPer1000Snaps,12.01-15.00,tier_4,-6,15.01,12.01
RT,tier_2,SacksPer1000Snaps,15.01-100.00,tier_5,-8,100.01,15.01
RT,tier_3,SacksPer1000Snaps,0.00-5.00,tier_0,6,5.01,0.00
RT,tier_3,SacksPer1000Snaps,5.01-6.50,tier_1,3,6.51,5.01
RT,tier_3,SacksPer1000Snaps,6.51-8.00,tier_2,0,8.01,6.51
RT,tier_3,SacksPer1000Snaps,8.01-12.00,tier_3,-2,12.01,8.01
RT,tier_3,SacksPer1000Snaps,12.01-15.00,tier_4,-5,15.01,12.01
RT,tier_3,SacksPer1000Snaps,15.01-100.00,tier_5,-7,100.01,15.01
RT,tier_4,SacksPer1000Snaps,0.00-5.00,tier_0,8,5.01,0.00
RT,tier_4,SacksPer1000Snaps,5.01-6.50,tier_1,5,6.51,5.01
RT,tier_4,SacksPer1000Snaps,6.51-8.00,tier_2,2,8.01,6.51
RT,tier_4,SacksPer1000Snaps,8.01-12.00,tier_3,-1,12.01,8.01
RT,tier_4,SacksPer1000Snaps,12.01-15.00,tier_4,-4,15.01,12.01
RT,tier_4,SacksPer1000Snaps,15.01-100.00,tier_5,-6,100.01,15.01
RT,tier_5,SacksPer1000Snaps,0.00-5.00,tier_0,10,5.01,0.00
RT,tier_5,SacksPer1000Snaps,5.01-6.50,tier_1,6,6.51,5.01
RT,tier_5,SacksPer1000Snaps,6.51-8.00,tier_2,3,8.01,6.51
RT,tier_5,SacksPer1000Snaps,8.01-12.00,tier_3,0,12.01,8.01
RT,tier_5,SacksPer1000Snaps,12.01-15.00,tier_4,-3,15.01,12.01
RT,tier_5,SacksPer1000Snaps,15.01-100.00,tier_5,-5,100.01,15.01
RT,tier_6,SacksPer1000Snaps,0.00-5.00,tier_0,12,5.01,0.00
RT,tier_6,SacksPer1000Snaps,5.01-6.50,tier_1,8,6.51,5.01
RT,tier_6,SacksPer1000Snaps,6.51-8.00,tier_2,5,8.01,6.51
RT,tier_6,SacksPer1000Snaps,8.01-12.00,tier_3,2,12.01,8.01
RT,tier_6,SacksPer1000Snaps,12.01-15.00,tier_4,-1,15.01,12.01
RT,tier_6,SacksPer1000Snaps,15.01-100.00,tier_5,-3,100.01,15.01
LG,tier_0,SacksPer1000Snaps,0.00-2.00,tier_0,1,2.01,0.00
LG,tier_0,SacksPer1000Snaps,2.01-3.50,tier_1,-1,3.51,2.01
LG,tier_0,SacksPer1000Snaps,3.51-5.50,tier_2,-3,5.51,3.51
LG,tier_0,SacksPer1000Snaps,5.51-8.00,tier_3,-6,8.01,5.51
LG,tier_0,SacksPer1000Snaps,8.01-10.00,tier_4,-10,10.01,8.01
LG,tier_0,SacksPer1000Snaps,10.01-100.00,tier_5,-12,100.01,10.01
LG,tier_1,SacksPer1000Snaps,0.00-2.00,tier_0,2,2.01,0.00
LG,tier_1,SacksPer1000Snaps,2.01-3.50,tier_1,0,3.51,2.01
LG,tier_1,SacksPer1000Snaps,3.51-5.50,tier_2,-2,5.51,3.51
LG,tier_1,SacksPer1000Snaps,5.51-8.00,tier_3,-5,8.01,5.51
LG,tier_1,SacksPer1000Snaps,8.01-10.00,tier_4,-8,10.01,8.01
LG,tier_1,SacksPer1000Snaps,10.01-100.00,tier_5,-10,100.01,10.01
LG,tier_2,SacksPer1000Snaps,0.00-2.00,tier_0,4,2.01,0.00
LG,tier_2,SacksPer1000Snaps,2.01-3.50,tier_1,2,3.51,2.01
LG,tier_2,SacksPer1000Snaps,3.51-5.50,tier_2,-1,5.51,3.51
LG,tier_2,SacksPer1000Snaps,5.51-8.00,tier_3,-3,8.01,5.51
LG,tier_2,SacksPer1000Snaps,8.01-10.00,tier_4,-6,10.01,8.01
LG,tier_2,SacksPer1000Snaps,10.01-100.00,tier_5,-8,100.01,10.01
LG,tier_3,SacksPer1000Snaps,0.00-2.00,tier_0,6,2.01,0.00
LG,tier_3,SacksPer1000Snaps,2.01-3.50,tier_1,3,3.51,2.01
LG,tier_3,SacksPer1000Snaps,3.51-5.50,tier_2,0,5.51,3.51
LG,tier_3,SacksPer1000Snaps,5.51-8.00,tier_3,-2,8.01,5.51
LG,tier_3,SacksPer1000Snaps,8.01-10.00,tier_4,-5,10.01,8.01
LG,tier_3,SacksPer1000Snaps,10.01-100.00,tier_5,-7,100.01,10.01
LG,tier_4,SacksPer1000Snaps,0.00-2.00,tier_0,8,2.01,0.00
LG,tier_4,SacksPer1000Snaps,2.01-3.50,tier_1,5,3.51,2.01
LG,tier_4,SacksPer1000Snaps,3.51-5.50,tier_2,2,5.51,3.51
LG,tier_4,SacksPer1000Snaps,5.51-8.00,tier_3,-1,8.01,5.51
LG,tier_4,SacksPer1000Snaps,8.01-10.00,tier_4,-4,10.01,8.01
LG,tier_4,SacksPer1000Snaps,10.01-100.00,tier_5,-6,100.01,10.01
LG,tier_5,SacksPer1000Snaps,0.00-2.00,tier_0,10,2.01,0.00
LG,tier_5,SacksPer1000Snaps,2.01-3.50,tier_1,6,3.51,2.01
LG,tier_5,SacksPer1000Snaps,3.51-5.50,tier_2,3,5.51,3.51
LG,tier_5,SacksPer1000Snaps,5.51-8.00,tier_3,0,8.01,5.51
LG,tier_5,SacksPer1000Snaps,8.01-10.00,tier_4,-3,10.01,8.01
LG,tier_5,SacksPer1000Snaps,10.01-100.00,tier_5,-5,100.01,10.01
LG,tier_6,SacksPer1000Snaps,0.00-2.00,tier_0,12,2.01,0.00
LG,tier_6,SacksPer1000Snaps,2.01-3.50,tier_1,8,3.51,2.01
LG,tier_6,SacksPer1000Snaps,3.51-5.50,tier_2,5,5.51,3.51
LG,tier_6,SacksPer1000Snaps,5.51-8.00,tier_3,2,8.01,5.51
LG,tier_6,SacksPer1000Snaps,8.01-10.00,tier_4,-1,10.01,8.01
LG,tier_6,SacksPer1000Snaps,10.01-100.00,tier_5,-3,100.01,10.01
RG,tier_0,SacksPer1000Snaps,0.00-0.50,tier_0,1,0.51,0.00
RG,tier_0,SacksPer1000Snaps,0.51-1.50,tier_1,-1,1.51,0.51
RG,tier_0,SacksPer1000Snaps,1.51-2.50,tier_2,-3,2.51,1.51
RG,tier_0,SacksPer1000Snaps,2.51-3.50,tier_3,-6,3.51,2.51
RG,tier_0,SacksPer1000Snaps,3.51-5.50,tier_4,-10,5.51,3.51
RG,tier_0,SacksPer1000Snaps,5.51-100.00,tier_5,-12,100.01,5.51
RG,tier_1,SacksPer1000Snaps,0.00-0.50,tier_0,2,0.51,0.00
RG,tier_1,SacksPer1000Snaps,0.51-1.50,tier_1,0,1.51,0.51
RG,tier_1,SacksPer1000Snaps,1.51-2.50,tier_2,-2,2.51,1.51
RG,tier_1,SacksPer1000Snaps,2.51-3.50,tier_3,-5,3.51,2.51
RG,tier_1,SacksPer1000Snaps,3.51-5.50,tier_4,-8,5.51,3.51
RG,tier_1,SacksPer1000Snaps,5.51-100.00,tier_5,-10,100.01,5.51
RG,tier_2,SacksPer1000Snaps,0.00-0.50,tier_0,4,0.51,0.00
RG,tier_2,SacksPer1000Snaps,0.51-1.50,tier_1,2,1.51,0.51
RG,tier_2,SacksPer1000Snaps,1.51-2.50,tier_2,-1,2.51,1.51
RG,tier_2,SacksPer1000Snaps,2.51-3.50,tier_3,-3,3.51,2.51
RG,tier_2,SacksPer1000Snaps,3.51-5.50,tier_4,-6,5.51,3.51
RG,tier_2,SacksPer1000Snaps,5.51-100.00,tier_5,-8,100.01,5.51
RG,tier_3,SacksPer1000Snaps,0.00-0.50,tier_0,6,0.51,0.00
RG,tier_3,SacksPer1000Snaps,0.51-1.50,tier_1,3,1.51,0.51
RG,tier_3,SacksPer1000Snaps,1.51-2.50,tier_2,0,2.51,1.51
RG,tier_3,SacksPer1000Snaps,2.51-3.50,tier_3,-2,3.51,2.51
RG,tier_3,SacksPer1000Snaps,3.51-5.50,tier_4,-5,5.51,3.51
RG,tier_3,SacksPer1000Snaps,5.51-100.00,tier_5,-7,100.01,5.51
RG,tier_4,SacksPer1000Snaps,0.00-0.50,tier_0,8,0.51,0.00
RG,tier_4,SacksPer1000Snaps,0.51-1.50,tier_1,5,1.51,0.51
RG,tier_4,SacksPer1000Snaps,1.51-2.50,tier_2,2,2.51,1.51
RG,tier_4,SacksPer1000Snaps,2.51-3.50,tier_3,-1,3.51,2.51
RG,tier_4,SacksPer1000Snaps,3.51-5.50,tier_4,-4,5.51,3.51
RG,tier_4,SacksPer1000Snaps,5.51-100.00,tier_5,-6,100.01,5.51
RG,tier_5,SacksPer1000Snaps,0.00-0.50,tier_0,10,0.51,0.00
RG,tier_5,SacksPer1000Snaps,0.51-1.50,tier_1,6,1.51,0.51
RG,tier_5,SacksPer1000Snaps,1.51-2.50,tier_2,3,2.51,1.51
RG,tier_5,SacksPer1000Snaps,2.51-3.50,tier_3,0,3.51,2.51
RG,tier_5,SacksPer1000Snaps,3.51-5.50,tier_4,-3,5.51,3.51
RG,tier_5,SacksPer1000Snaps,5.51-100.00,tier_5,-5,100.01,5.51
RG,tier_6,SacksPer1000Snaps,0.00-0.50,tier_0,12,0.51,0.00
RG,tier_6,SacksPer1000Snaps,0.51-1.50,tier_1,8,1.51,0.51
RG,tier_6,SacksPer1000Snaps,1.51-2.50,tier_2,5,2.51,1.51
RG,tier_6,SacksPer1000Snaps,2.51-3.50,tier_3,2,3.51,2.51
RG,tier_6,SacksPer1000Snaps,3.51-5.50,tier_4,-1,5.51,3.51
RG,tier_6,SacksPer1000Snaps,5.51-100.00,tier_5,-3,100.01,5.51
C,tier_0,SacksPer1000Snaps,0-0.50,tier_0,1,0.51,0
C,tier_0,SacksPer1000Snaps,0.51-1.50,tier_1,-1,1.51,0.51
C,tier_0,SacksPer1000Snaps,1.51-2.50,tier_2,-3,2.51,1.51
C,tier_0,SacksPer1000Snaps,2.51-3.50,tier_3,-6,3.51,2.51
C,tier_0,SacksPer1000Snaps,3.51-5.50,tier_4,-10,5.51,3.51
C,tier_0,SacksPer1000Snaps,5.51-100.00,tier_5,-12,100.01,5.51
C,tier_1,SacksPer1000Snaps,0-0.50,tier_0,2,0.51,0
C,tier_1,SacksPer1000Snaps,0.51-1.50,tier_1,0,1.51,0.51
C,tier_1,SacksPer1000Snaps,1.51-2.50,tier_2,-2,2.51,1.51
C,tier_1,SacksPer1000Snaps,2.51-3.50,tier_3,-5,3.51,2.51
C,tier_1,SacksPer1000Snaps,3.51-5.50,tier_4,-8,5.51,3.51
C,tier_1,SacksPer1000Snaps,5.51-100.00,tier_5,-10,100.01,5.51
C,tier_2,SacksPer1000Snaps,0-0.50,tier_0,4,0.51,0
C,tier_2,SacksPer1000Snaps,0.51-1.50,tier_1,2,1.51,0.51
C,tier_2,SacksPer1000Snaps,1.51-2.50,tier_2,-1,2.51,1.51
C,tier_2,SacksPer1000Snaps,2.51-3.50,tier_3,-3,3.51,2.51
C,tier_2,SacksPer1000Snaps,3.51-5.50,tier_4,-6,5.51,3.51
C,tier_2,SacksPer1000Snaps,5.51-100.00,tier_5,-8,100.01,5.51
C,tier_3,SacksPer1000Snaps,0-0.50,tier_0,6,0.51,0
C,tier_3,SacksPer1000Snaps,0.51-1.50,tier_1,3,1.51,0.51
C,tier_3,SacksPer1000Snaps,1.51-2.50,tier_2,0,2.51,1.51
C,tier_3,SacksPer1000Snaps,2.51-3.50,tier_3,-2,3.51,2.51
C,tier_3,SacksPer1000Snaps,3.51-5.50,tier_4,-5,5.51,3.51
C,tier_3,SacksPer1000Snaps,5.51-100.00,tier_5,-7,100.01,5.51
C,tier_4,SacksPer1000Snaps,0-0.50,tier_0,8,0.51,0
C,tier_4,SacksPer1000Snaps,0.51-1.50,tier_1,5,1.51,0.51
C,tier_4,SacksPer1000Snaps,1.51-2.50,tier_2,2,2.51,1.51
C,tier_4,SacksPer1000Snaps,2.51-3.50,tier_3,-1,3.51,2.51
C,tier_4,SacksPer1000Snaps,3.51-5.50,tier_4,-4,5.51,3.51
C,tier_4,SacksPer1000Snaps,5.51-100.00,tier_5,-6,100.01,5.51
C,tier_5,SacksPer1000Snaps,0-0.50,tier_0,10,0.51,0
C,tier_5,SacksPer1000Snaps,0.51-1.50,tier_1,6,1.51,0.51
C,tier_5,SacksPer1000Snaps,1.51-2.50,tier_2,3,2.51,1.51
C,tier_5,SacksPer1000Snaps,2.51-3.50,tier_3,0,3.51,2.51
C,tier_5,SacksPer1000Snaps,3.51-5.50,tier_4,-3,5.51,3.51
C,tier_5,SacksPer1000Snaps,5.51-100.00,tier_5,-5,100.01,5.51
C,tier_6,SacksPer1000Snaps,0-0.50,tier_0,12,0.51,0
C,tier_6,SacksPer1000Snaps,0.51-1.50,tier_1,8,1.51,0.51
C,tier_6,SacksPer1000Snaps,1.51-2.50,tier_2,5,2.51,1.51
C,tier_6,SacksPer1000Snaps,2.51-3.50,tier_3,2,3.51,2.51
C,tier_6,SacksPer1000Snaps,3.51-5.50,tier_4,-1,5.51,3.51
C,tier_6,SacksPer1000Snaps,5.51-100.00,tier_5,-3,100.01,5.51
LE,tier_0,DLSacksAndTFLPerGame,2.00-10.00,tier_0,1,10.01,2.00
LE,tier_0,DLSacksAndTFLPerGame,1.50-1.99,tier_1,-1,2.0,1.50
LE,tier_0,DLSacksAndTFLPerGame,1.00-1.49,tier_2,-4,1.5,1.00
LE,tier_0,DLSacksAndTFLPerGame,0.70-0.99,tier_3,-7,1.0,0.70
LE,tier_0,DLSacksAndTFLPerGame,0.40-0.69,tier_4,-9,0.7,0.40
LE,tier_0,DLSacksAndTFLPerGame,0.00-0.39,tier_5,-12,0.4,0.00
LE,tier_0,TotalTurnovers,7-20,tier_0,2,21,7
LE,tier_0,TotalTurnovers,5-6,tier_1,1,7,5
LE,tier_0,TotalTurnovers,4,tier_2,0,4,4
LE,tier_0,TotalTurnovers,3,tier_3,-1,3,3
LE,tier_0,TotalTurnovers,2,tier_4,-2,2,2
LE,tier_0,TotalTurnovers,0-1,tier_5,-4,2,0
LE,tier_1,DLSacksAndTFLPerGame,2.00-10.00,tier_0,2,10.01,2.00
LE,tier_1,DLSacksAndTFLPerGame,1.50-1.99,tier_1,0,2.0,1.50
LE,tier_1,DLSacksAndTFLPerGame,1.00-1.49,tier_2,-2,1.5,1.00
LE,tier_1,DLSacksAndTFLPerGame,0.70-0.99,tier_3,-4,1.0,0.70
LE,tier_1,DLSacksAndTFLPerGame,0.40-0.69,tier_4,-7,0.7,0.40
LE,tier_1,DLSacksAndTFLPerGame,0.00-0.39,tier_5,-10,0.4,0.00
LE,tier_1,TotalTurnovers,7-20,tier_0,3,21,7
LE,tier_1,TotalTurnovers,5-6,tier_1,1,7,5
LE,tier_1,TotalTurnovers,4,tier_2,0,4,4
LE,tier_1,TotalTurnovers,3,tier_3,0,3,3
LE,tier_1,TotalTurnovers,2,tier_4,-1,2,2
LE,tier_1,TotalTurnovers,0-1,tier_5,-3,2,0
LE,tier_2,DLSacksAndTFLPerGame,2.00-10.00,tier_0,4,10.01,2.00
LE,tier_2,DLSacksAndTFLPerGame,1.50-1.99,tier_1,2,2.0,1.50
LE,tier_2,DLSacksAndTFLPerGame,1.00-1.49,tier_2,-1,1.5,1.00
LE,tier_2,DLSacksAndTFLPerGame,0.70-0.99,tier_3,-3,1.0,0.70
LE,tier_2,DLSacksAndTFLPerGame,0.40-0.69,tier_4,-5,0.7,0.40
LE,tier_2,DLSacksAndTFLPerGame,0.00-0.39,tier_5,-8,0.4,0.00
LE,tier_2,TotalTurnovers,7-20,tier_0,4,21,7
LE,tier_2,TotalTurnovers,5-6,tier_1,2,7,5
LE,tier_2,TotalTurnovers,4,tier_2,1,4,4
LE,tier_2,TotalTurnovers,3,tier_3,0,3,3
LE,tier_2,TotalTurnovers,2,tier_4,-1,2,2
LE,tier_2,TotalTurnovers,0-1,tier_5,-2,2,0
LE,tier_3,DLSacksAndTFLPerGame,2.00-10.00,tier_0,6,10.01,2.00
LE,tier_3,DLSacksAndTFLPerGame,1.50-1.99,tier_1,3,2.0,1.50
LE,tier_3,DLSacksAndTFLPerGame,1.00-1.49,tier_2,0,1.5,1.00
LE,tier_3,DLSacksAndTFLPerGame,0.70-0.99,tier_3,-2,1.0,0.70
LE,tier_3,DLSacksAndTFLPerGame,0.40-0.69,tier_4,-4,0.7,0.40
LE,tier_3,DLSacksAndTFLPerGame,0.00-0.39,tier_5,-6,0.4,0.00
LE,tier_3,TotalTurnovers,7-20,tier_0,5,21,7
LE,tier_3,TotalTurnovers,5-6,tier_1,3,7,5
LE,tier_3,TotalTurnovers,4,tier_2,2,4,4
LE,tier_3,TotalTurnovers,3,tier_3,1,3,3
LE,tier_3,TotalTurnovers,2,tier_4,0,2,2
LE,tier_3,TotalTurnovers,0-1,tier_5,-2,2,0
LE,tier_4,DLSacksAndTFLPerGame,2.00-10.00,tier_0,8,10.01,2.00
LE,tier_4,DLSacksAndTFLPerGame,1.50-1.99,tier_1,5,2.0,1.50
LE,tier_4,DLSacksAndTFLPerGame,1.00-1.49,tier_2,3,1.5,1.00
LE,tier_4,DLSacksAndTFLPerGame,0.70-0.99,tier_3,0,1.0,0.70
LE,tier_4,DLSacksAndTFLPerGame,0.40-0.69,tier_4,-2,0.7,0.40
LE,tier_4,DLSacksAndTFLPerGame,0.00-0.39,tier_5,-4,0.4,0.00
LE,tier_4,TotalTurnovers,7-20,tier_0,6,21,7
LE,tier_4,TotalTurnovers,5-6,tier_1,4,7,5
LE,tier_4,TotalTurnovers,4,tier_2,3,4,4
LE,tier_4,TotalTurnovers,3,tier_3,1,3,3
LE,tier_4,TotalTurnovers,2,tier_4,0,2,2
LE,tier_4,TotalTurnovers,0-1,tier_5,-1,2,0
LE,tier_5,DLSacksAndTFLPerGame,2.00-10.00,tier_0,10,10.01,2.00
LE,tier_5,DLSacksAndTFLPerGame,1.50-1.99,tier_1,7,2.0,1.50
LE,tier_5,DLSacksAndTFLPerGame,1.00-1.49,tier_2,4,1.5,1.00
LE,tier_5,DLSacksAndTFLPerGame,0.70-0.99,tier_3,2,1.0,0.70
LE,tier_5,DLSacksAndTFLPerGame,0.40-0.69,tier_4,0,0.7,0.40
LE,tier_5,DLSacksAndTFLPerGame,0.00-0.39,tier_5,-2,0.4,0.00
LE,tier_5,TotalTurnovers,7-20,tier_0,8,21,7
LE,tier_5,TotalTurnovers,5-6,tier_1,6,7,5
LE,tier_5,TotalTurnovers,4,tier_2,4,4,4
LE,tier_5,TotalTurnovers,3,tier_3,2,3,3
LE,tier_5,TotalTurnovers,2,tier_4,1,2,2
LE,tier_5,TotalTurnovers,0-1,tier_5,-1,2,0
LE,tier_6,DLSacksAndTFLPerGame,2.00-10.00,tier_0,12,10.01,2.00
LE,tier_6,DLSacksAndTFLPerGame,1.50-1.99,tier_1,10,2.0,1.50
LE,tier_6,DLSacksAndTFLPerGame,1.00-1.49,tier_2,7,1.5,1.00
LE,tier_6,DLSacksAndTFLPerGame,0.70-0.99,tier_3,5,1.0,0.70
LE,tier_6,DLSacksAndTFLPerGame,0.40-0.69,tier_4,2,0.7,0.40
LE,tier_6,DLSacksAndTFLPerGame,0.00-0.39,tier_5,-1,0.4,0.00
LE,tier_6,TotalTurnovers,7-20,tier_0,10,21,7
LE,tier_6,TotalTurnovers,5-6,tier_1,7,7,5
LE,tier_6,TotalTurnovers,4,tier_2,5,4,4
LE,tier_6,TotalTurnovers,3,tier_3,3,3,3
LE,tier_6,TotalTurnovers,2,tier_4,1,2,2
LE,tier_6,TotalTurnovers,0-1,tier_5,0,2,0
RE,tier_0,DLSacksAndTFLPerGame,2.00-10.00,tier_0,1,10.01,2.00
RE,tier_0,DLSacksAndTFLPerGame,1.50-1.99,tier_1,-1,2.0,1.50
RE,tier_0,DLSacksAndTFLPerGame,1.00-1.49,tier_2,-4,1.5,1.00
RE,tier_0,DLSacksAndTFLPerGame,0.70-0.99,tier_3,-7,1.0,0.70
RE,tier_0,DLSacksAndTFLPerGame,0.40-0.69,tier_4,-9,0.7,0.40
RE,tier_0,DLSacksAndTFLPerGame,0.00-0.39,tier_5,-12,0.4,0.00
RE,tier_0,TotalTurnovers,6-20,tier_0,2,21,6
RE,tier_0,TotalTurnovers,5,tier_1,1,5,5
RE,tier_0,TotalTurnovers,4,tier_2,0,4,4
RE,tier_0,TotalTurnovers,3,tier_3,-1,3,3
RE,tier_0,TotalTurnovers,2,tier_4,-2,2,2
RE,tier_0,TotalTurnovers,0-1,tier_5,-4,2,0
RE,tier_1,DLSacksAndTFLPerGame,2.00-10.00,tier_0,2,10.01,2.00
RE,tier_1,DLSacksAndTFLPerGame,1.50-1.99,tier_1,0,2.0,1.50
RE,tier_1,DLSacksAndTFLPerGame,1.00-1.49,tier_2,-2,1.5,1.00
RE,tier_1,DLSacksAndTFLPerGame,0.70-0.99,tier_3,-4,1.0,0.70
RE,tier_1,DLSacksAndTFLPerGame,0.40-0.69,tier_4,-7,0.7,0.40
RE,tier_1,DLSacksAndTFLPerGame,0.00-0.39,tier_5,-10,0.4,0.00
RE,tier_1,TotalTurnovers,6-20,tier_0,3,21,6
RE,tier_1,TotalTurnovers,5,tier_1,1,5,5
RE,tier_1,TotalTurnovers,4,tier_2,0,4,4
RE,tier_1,TotalTurnovers,3,tier_3,0,3,3
RE,tier_1,TotalTurnovers,2,tier_4,-1,2,2
RE,tier_1,TotalTurnovers,0-1,tier_5,-3,2,0
RE,tier_2,DLSacksAndTFLPerGame,2.00-10.00,tier_0,4,10.01,2.00
RE,tier_2,DLSacksAndTFLPerGame,1.50-1.99,tier_1,2,2.0,1.50
RE,tier_2,DLSacksAndTFLPerGame,1.00-1.49,tier_2,-1,1.5,1.00
RE,tier_2,DLSacksAndTFLPerGame,0.70-0.99,tier_3,-3,1.0,0.70
RE,tier_2,DLSacksAndTFLPerGame,0.40-0.69,tier_4,-5,0.7,0.40
RE,tier_2,DLSacksAndTFLPerGame,0.00-0.39,tier_5,-8,0.4,0.00
RE,tier_2,TotalTurnovers,6-20,tier_0,4,21,6
RE,tier_2,TotalTurnovers,5,tier_1,2,5,5
RE,tier_2,TotalTurnovers,4,tier_2,1,4,4
RE,tier_2,TotalTurnovers,3,tier_3,0,3,3
RE,tier_2,TotalTurnovers,2,tier_4,-1,2,2
RE,tier_2,TotalTurnovers,0-1,tier_5,-2,2,0
RE,tier_3,DLSacksAndTFLPerGame,2.00-10.00,tier_0,6,10.01,2.00
RE,tier_3,DLSacksAndTFLPerGame,1.50-1.99,tier_1,3,2.0,1.50
RE,tier_3,DLSacksAndTFLPerGame,1.00-1.49,tier_2,0,1.5,1.00
RE,tier_3,DLSacksAndTFLPerGame,0.70-0.99,tier_3,-2,1.0,0.70
RE,tier_3,DLSacksAndTFLPerGame,0.40-0.69,tier_4,-4,0.7,0.40
RE,tier_3,DLSacksAndTFLPerGame,0.00-0.39,tier_5,-6,0.4,0.00
RE,tier_3,TotalTurnovers,6-20,tier_0,5,21,6
RE,tier_3,TotalTurnovers,5,tier_1,3,5,5
RE,tier_3,TotalTurnovers,4,tier_2,2,4,4
RE,tier_3,TotalTurnovers,3,tier_3,1,3,3
RE,tier_3,TotalTurnovers,2,tier_4,0,2,2
RE,tier_3,TotalTurnovers,0-1,tier_5,-2,2,0
RE,tier_4,DLSacksAndTFLPerGame,2.00-10.00,tier_0,8,10.01,2.00
RE,tier_4,DLSacksAndTFLPerGame,1.50-1.99,tier_1,5,2.0,1.50
RE,tier_4,DLSacksAndTFLPerGame,1.00-1.49,tier_2,3,1.5,1.00
RE,tier_4,DLSacksAndTFLPerGame,0.70-0.99,tier_3,0,1.0,0.70
RE,tier_4,DLSacksAndTFLPerGame,0.40-0.69,tier_4,-2,0.7,0.40
RE,tier_4,DLSacksAndTFLPerGame,0.00-0.39,tier_5,-4,0.4,0.00
RE,tier_4,TotalTurnovers,6-20,tier_0,6,21,6
RE,tier_4,TotalTurnovers,5,tier_1,4,5,5
RE,tier_4,TotalTurnovers,4,tier_2,3,4,4
RE,tier_4,TotalTurnovers,3,tier_3,1,3,3
RE,tier_4,TotalTurnovers,2,tier_4,0,2,2
RE,tier_4,TotalTurnovers,0-1,tier_5,-1,2,0
RE,tier_5,DLSacksAndTFLPerGame,2.00-10.00,tier_0,10,10.01,2.00
RE,tier_5,DLSacksAndTFLPerGame,1.50-1.99,tier_1,7,2.0,1.50
RE,tier_5,DLSacksAndTFLPerGame,1.00-1.49,tier_2,4,1.5,1.00
RE,tier_5,DLSacksAndTFLPerGame,0.70-0.99,tier_3,2,1.0,0.70
RE,tier_5,DLSacksAndTFLPerGame,0.40-0.69,tier_4,0,0.7,0.40
RE,tier_5,DLSacksAndTFLPerGame,0.00-0.39,tier_5,-2,0.4,0.00
RE,tier_5,TotalTurnovers,6-20,tier_0,8,21,6
RE,tier_5,TotalTurnovers,5,tier_1,6,5,5
RE,tier_5,TotalTurnovers,4,tier_2,4,4,4
RE,tier_5,TotalTurnovers,3,tier_3,2,3,3
RE,tier_5,TotalTurnovers,2,tier_4,1,2,2
RE,tier_5,TotalTurnovers,0-1,tier_5,-1,2,0
RE,tier_6,DLSacksAndTFLPerGame,2.00-10.00,tier_0,12,10.01,2.00
RE,tier_6,DLSacksAndTFLPerGame,1.50-1.99,tier_1,10,2.0,1.50
RE,tier_6,DLSacksAndTFLPerGame,1.00-1.49,tier_2,7,1.5,1.00
RE,tier_6,DLSacksAndTFLPerGame,0.70-0.99,tier_3,5,1.0,0.70
RE,tier_6,DLSacksAndTFLPerGame,0.40-0.69,tier_4,2,0.7,0.40
RE,tier_6,DLSacksAndTFLPerGame,0.00-0.39,tier_5,-1,0.4,0.00
RE,tier_6,TotalTurnovers,6-20,tier_0,10,21,6
RE,tier_6,TotalTurnovers,5,tier_1,7,5,5
RE,tier_6,TotalTurnovers,4,tier_2,5,4,4
RE,tier_6,TotalTurnovers,3,tier_3,3,3,3
RE,tier_6,TotalTurnovers,2,tier_4,1,2,2
RE,tier_6,TotalTurnovers,0-1,tier_5,0,2,0
DT,tier_0,DLSacksAndTFLPerGame,1.60-10.00,tier_0,1,10.01,1.60
DT,tier_0,DLSacksAndTFLPerGame,1.20-1.59,tier_1,-1,1.6,1.20
DT,tier_0,DLSacksAndTFLPerGame,0.90-1.19,tier_2,-4,1.2,0.90
DT,tier_0,DLSacksAndTFLPerGame,0.60-0.89,tier_3,-7,0.9,0.60
DT,tier_0,DLSacksAndTFLPerGame,0.20-0.59,tier_4,-9,0.6,0.20
DT,tier_0,DLSacksAndTFLPerGame,0.00-0.19,tier_5,-12,0.2,0.00
DT,tier_0,TotalTurnovers,5-20,tier_0,2,21,5
DT,tier_0,TotalTurnovers,4,tier_1,1,4,4
DT,tier_0,TotalTurnovers,3,tier_2,0,3,3
DT,tier_0,TotalTurnovers,2,tier_3,-1,2,2
DT,tier_0,TotalTurnovers,1,tier_4,-2,1,1
DT,tier_0,TotalTurnovers,0,tier_5,-4,0,0
DT,tier_1,DLSacksAndTFLPerGame,1.60-10.00,tier_0,2,10.01,1.60
DT,tier_1,DLSacksAndTFLPerGame,1.20-1.59,tier_1,0,1.6,1.20
DT,tier_1,DLSacksAndTFLPerGame,0.90-1.19,tier_2,-2,1.2,0.90
DT,tier_1,DLSacksAndTFLPerGame,0.60-0.89,tier_3,-4,0.9,0.60
DT,tier_1,DLSacksAndTFLPerGame,0.20-0.59,tier_4,-7,0.6,0.20
DT,tier_1,DLSacksAndTFLPerGame,0.00-0.19,tier_5,-10,0.2,0.00
DT,tier_1,TotalTurnovers,5-20,tier_0,3,21,5
DT,tier_1,TotalTurnovers,4,tier_1,1,4,4
DT,tier_1,TotalTurnovers,3,tier_2,0,3,3
DT,tier_1,TotalTurnovers,2,tier_3,0,2,2
DT,tier_1,TotalTurnovers,1,tier_4,-1,1,1
DT,tier_1,TotalTurnovers,0,tier_5,-3,0,0
DT,tier_2,DLSacksAndTFLPerGame,1.60-10.00,tier_0,4,10.01,1.60
DT,tier_2,DLSacksAndTFLPerGame,1.20-1.59,tier_1,2,1.6,1.20
DT,tier_2,DLSacksAndTFLPerGame,0.90-1.19,tier_2,-1,1.2,0.90
DT,tier_2,DLSacksAndTFLPerGame,0.60-0.89,tier_3,-3,0.9,0.60
DT,tier_2,DLSacksAndTFLPerGame,0.20-0.59,tier_4,-5,0.6,0.20
DT,tier_2,DLSacksAndTFLPerGame,0.00-0.19,tier_5,-8,0.2,0.00
DT,tier_2,TotalTurnovers,5-20,tier_0,4,21,5
DT,tier_2,TotalTurnovers,4,tier_1,2,4,4
DT,tier_2,TotalTurnovers,3,tier_2,1,3,3
DT,tier_2,TotalTurnovers,2,tier_3,0,2,2
DT,tier_2,TotalTurnovers,1,tier_4,-1,1,1
DT,tier_2,TotalTurnovers,0,tier_5,-2,0,0
DT,tier_3,DLSacksAndTFLPerGame,1.60-10.00,tier_0,6,10.01,1.60
DT,tier_3,DLSacksAndTFLPerGame,1.20-1.59,tier_1,3,1.6,1.20
DT,tier_3,DLSacksAndTFLPerGame,0.90-1.19,tier_2,0,1.2,0.90
DT,tier_3,DLSacksAndTFLPerGame,0.60-0.89,tier_3,-2,0.9,0.60
DT,tier_3,DLSacksAndTFLPerGame,0.20-0.59,tier_4,-4,0.6,0.20
DT,tier_3,DLSacksAndTFLPerGame,0.00-0.19,tier_5,-6,0.2,0.00
DT,tier_3,TotalTurnovers,5-20,tier_0,5,21,5
DT,tier_3,TotalTurnovers,4,tier_1,3,4,4
DT,tier_3,TotalTurnovers,3,tier_2,2,3,3
DT,tier_3,TotalTurnovers,2,tier_3,1,2,2
DT,tier_3,TotalTurnovers,1,tier_4,0,1,1
DT,tier_3,TotalTurnovers,0,tier_5,-2,0,0
DT,tier_4,DLSacksAndTFLPerGame,1.60-10.00,tier_0,8,10.01,1.60
DT,tier_4,DLSacksAndTFLPerGame,1.20-1.59,tier_1,5,1.6,1.20
DT,tier_4,DLSacksAndTFLPerGame,0.90-1.19,tier_2,3,1.2,0.90
DT,tier_4,DLSacksAndTFLPerGame,0.60-0.89,tier_3,0,0.9,0.60
DT,tier_4,DLSacksAndTFLPerGame,0.20-0.59,tier_4,-2,0.6,0.20
DT,tier_4,DLSacksAndTFLPerGame,0.00-0.19,tier_5,-4,0.2,0.00
DT,tier_4,TotalTurnovers,5-20,tier_0,6,21,5
DT,tier_4,TotalTurnovers,4,tier_1,4,4,4
DT,tier_4,TotalTurnovers,3,tier_2,3,3,3
DT,tier_4,TotalTurnovers,2,tier_3,1,2,2
DT,tier_4,TotalTurnovers,1,tier_4,0,1,1
DT,tier_4,TotalTurnovers,0,tier_5,-1,0,0
DT,tier_5,DLSacksAndTFLPerGame,1.60-10.00,tier_0,10,10.01,1.60
DT,tier_5,DLSacksAndTFLPerGame,1.20-1.59,tier_1,7,1.6,1.20
DT,tier_5,DLSacksAndTFLPerGame,0.90-1.19,tier_2,5,1.2,0.90
DT,tier_5,DLSacksAndTFLPerGame,0.60-0.89,tier_3,2,0.9,0.60
DT,tier_5,DLSacksAndTFLPerGame,0.20-0.59,tier_4,0,0.6,0.20
DT,tier_5,DLSacksAndTFLPerGame,0.00-0.19,tier_5,-2,0.2,0.00
DT,tier_5,TotalTurnovers,5-20,tier_0,8,21,5
DT,tier_5,TotalTurnovers,4,tier_1,6,4,4
DT,tier_5,TotalTurnovers,3,tier_2,4,3,3
DT,tier_5,TotalTurnovers,2,tier_3,2,2,2
DT,tier_5,TotalTurnovers,1,tier_4,1,1,1
DT,tier_5,TotalTurnovers,0,tier_5,-1,0,0
DT,tier_6,DLSacksAndTFLPerGame,1.60-10.00,tier_0,12,10.01,1.60
DT,tier_6,DLSacksAndTFLPerGame,1.20-1.59,tier_1,10,1.6,1.20
DT,tier_6,DLSacksAndTFLPerGame,0.90-1.19,tier_2,7,1.2,0.90
DT,tier_6,DLSacksAndTFLPerGame,0.60-0.89,tier_3,4,0.9,0.60
DT,tier_6,DLSacksAndTFLPerGame,0.20-0.59,tier_4,1,0.6,0.20
DT,tier_6,DLSacksAndTFLPerGame,0.00-0.19,tier_5,-1,0.2,0.00
DT,tier_6,TotalTurnovers,5-20,tier_0,10,21,5
DT,tier_6,TotalTurnovers,4,tier_1,7,4,4
DT,tier_6,TotalTurnovers,3,tier_2,5,3,3
DT,tier_6,TotalTurnovers,2,tier_3,2,2,2
DT,tier_6,TotalTurnovers,1,tier_4,1,1,1
DT,tier_6,TotalTurnovers,0,tier_5,0,0,0
LOLB,tier_0,LBSacksTFLPassDeflPerGame,1.50-10.00,tier_0,1,10.01,1.50
LOLB,tier_0,LBSacksTFLPassDeflPerGame,1.00-1.49,tier_1,-1,1.5,1.00
LOLB,tier_0,LBSacksTFLPassDeflPerGame,0.60-0.99,tier_2,-3,1.0,0.60
LOLB,tier_0,LBSacksTFLPassDeflPerGame,0.25-0.59,tier_3,-6,0.6,0.25
LOLB,tier_0,LBSacksTFLPassDeflPerGame,0.01-0.24,tier_4,-9,0.25,0.01
LOLB,tier_0,LBSacksTFLPassDeflPerGame,0.00,tier_5,-12,0.00,0.00
LOLB,tier_0,TacklesPerGame,7.00-25.00,tier_0,1,25.01,7.00
LOLB,tier_0,TacklesPerGame,5.00-6.99,tier_1,0,7.0,5.00
LOLB,tier_0,TacklesPerGame,3.00-4.99,tier_2,-1,5.0,3.00
LOLB,tier_0,TacklesPerGame,1.50-2.99,tier_3,-2,3.0,1.50
LOLB,tier_0,TacklesPerGame,0.50-1.49,tier_4,-3,1.5,0.50
LOLB,tier_0,TacklesPerGame,0.00-0.49,tier_5,-5,0.5,0.00
LOLB,tier_0,TotalTurnovers,7-20,tier_0,2,21,7
LOLB,tier_0,TotalTurnovers,5-6,tier_1,1,7,5
LOLB,tier_0,TotalTurnovers,4,tier_2,0,4,4
LOLB,tier_0,TotalTurnovers,3,tier_3,-1,3,3
LOLB,tier_0,TotalTurnovers,2,tier_4,-1,2,2
LOLB,tier_0,TotalTurnovers,0-1,tier_5,-3,2,0
LOLB,tier_1,LBSacksTFLPassDeflPerGame,1.50-10.00,tier_0,2,10.01,1.50
LOLB,tier_1,LBSacksTFLPassDeflPerGame,1.00-1.49,tier_1,0,1.5,1.00
LOLB,tier_1,LBSacksTFLPassDeflPerGame,0.60-0.99,tier_2,-2,1.0,0.60
LOLB,tier_1,LBSacksTFLPassDeflPerGame,0.25-0.59,tier_3,-4,0.6,0.25
LOLB,tier_1,LBSacksTFLPassDeflPerGame,0.01-0.24,tier_4,-7,0.25,0.01
LOLB,tier_1,LBSacksTFLPassDeflPerGame,0.00,tier_5,-10,0.00,0.00
LOLB,tier_1,TacklesPerGame,7.00-25.00,tier_0,2,25.01,7.00
LOLB,tier_1,TacklesPerGame,5.00-6.99,tier_1,1,7.0,5.00
LOLB,tier_1,TacklesPerGame,3.00-4.99,tier_2,0,5.0,3.00
LOLB,tier_1,TacklesPerGame,1.50-2.99,tier_3,-1,3.0,1.50
LOLB,tier_1,TacklesPerGame,0.50-1.49,tier_4,-2,1.5,0.50
LOLB,tier_1,TacklesPerGame,0.00-0.49,tier_5,-4,0.5,0.00
LOLB,tier_1,TotalTurnovers,7-20,tier_0,3,21,7
LOLB,tier_1,TotalTurnovers,5-6,tier_1,1,7,5
LOLB,tier_1,TotalTurnovers,4,tier_2,0,4,4
LOLB,tier_1,TotalTurnovers,3,tier_3,0,3,3
LOLB,tier_1,TotalTurnovers,2,tier_4,-1,2,2
LOLB,tier_1,TotalTurnovers,0-1,tier_5,-2,2,0
LOLB,tier_2,LBSacksTFLPassDeflPerGame,1.50-10.00,tier_0,4,10.01,1.50
LOLB,tier_2,LBSacksTFLPassDeflPerGame,1.00-1.49,tier_1,2,1.5,1.00
LOLB,tier_2,LBSacksTFLPassDeflPerGame,0.60-0.99,tier_2,-1,1.0,0.60
LOLB,tier_2,LBSacksTFLPassDeflPerGame,0.25-0.59,tier_3,-3,0.6,0.25
LOLB,tier_2,LBSacksTFLPassDeflPerGame,0.01-0.24,tier_4,-5,0.25,0.01
LOLB,tier_2,LBSacksTFLPassDeflPerGame,0.00,tier_5,-8,0.00,0.00
LOLB,tier_2,TacklesPerGame,7.00-25.00,tier_0,3,25.01,7.00
LOLB,tier_2,TacklesPerGame,5.00-6.99,tier_1,2,7.0,5.00
LOLB,tier_2,TacklesPerGame,3.00-4.99,tier_2,1,5.0,3.00
LOLB,tier_2,TacklesPerGame,1.50-2.99,tier_3,-1,3.0,1.50
LOLB,tier_2,TacklesPerGame,0.50-1.49,tier_4,-2,1.5,0.50
LOLB,tier_2,TacklesPerGame,0.00-0.49,tier_5,-3,0.5,0.00
LOLB,tier_2,TotalTurnovers,7-20,tier_0,4,21,7
LOLB,tier_2,TotalTurnovers,5-6,tier_1,2,7,5
LOLB,tier_2,TotalTurnovers,4,tier_2,1,4,4
LOLB,tier_2,TotalTurnovers,3,tier_3,0,3,3
LOLB,tier_2,TotalTurnovers,2,tier_4,-1,2,2
LOLB,tier_2,TotalTurnovers,0-1,tier_5,-2,2,0
LOLB,tier_3,LBSacksTFLPassDeflPerGame,1.50-10.00,tier_0,6,10.01,1.50
LOLB,tier_3,LBSacksTFLPassDeflPerGame,1.00-1.49,tier_1,3,1.5,1.00
LOLB,tier_3,LBSacksTFLPassDeflPerGame,0.60-0.99,tier_2,0,1.0,0.60
LOLB,tier_3,LBSacksTFLPassDeflPerGame,0.25-0.59,tier_3,-2,0.6,0.25
LOLB,tier_3,LBSacksTFLPassDeflPerGame,0.01-0.24,tier_4,-4,0.25,0.01
LOLB,tier_3,LBSacksTFLPassDeflPerGame,0.00,tier_5,-6,0.00,0.00
LOLB,tier_3,TacklesPerGame,7.00-25.00,tier_0,4,25.01,7.00
LOLB,tier_3,TacklesPerGame,5.00-6.99,tier_1,3,7.0,5.00
LOLB,tier_3,TacklesPerGame,3.00-4.99,tier_2,2,5.0,3.00
LOLB,tier_3,TacklesPerGame,1.50-2.99,tier_3,0,3.0,1.50
LOLB,tier_3,TacklesPerGame,0.50-1.49,tier_4,-1,1.5,0.50
LOLB,tier_3,TacklesPerGame,0.00-0.49,tier_5,-2,0.5,0.00
LOLB,tier_3,TotalTurnovers,7-20,tier_0,5,21,7
LOLB,tier_3,TotalTurnovers,5-6,tier_1,3,7,5
LOLB,tier_3,TotalTurnovers,4,tier_2,2,4,4
LOLB,tier_3,TotalTurnovers,3,tier_3,1,3,3
LOLB,tier_3,TotalTurnovers,2,tier_4,0,2,2
LOLB,tier_3,TotalTurnovers,0-1,tier_5,-2,2,0
LOLB,tier_4,LBSacksTFLPassDeflPerGame,1.50-10.00,tier_0,8,10.01,1.50
LOLB,tier_4,LBSacksTFLPassDeflPerGame,1.00-1.49,tier_1,5,1.5,1.00
LOLB,tier_4,LBSacksTFLPassDeflPerGame,0.60-0.99,tier_2,2,1.0,0.60
LOLB,tier_4,LBSacksTFLPassDeflPerGame,0.25-0.59,tier_3,0,0.6,0.25
LOLB,tier_4,LBSacksTFLPassDeflPerGame,0.01-0.24,tier_4,-2,0.25,0.01
LOLB,tier_4,LBSacksTFLPassDeflPerGame,0.00,tier_5,-4,0.00,0.00
LOLB,tier_4,TacklesPerGame,7.00-25.00,tier_0,5,25.01,7.00
LOLB,tier_4,TacklesPerGame,5.00-6.99,tier_1,4,7.0,5.00
LOLB,tier_4,TacklesPerGame,3.00-4.99,tier_2,3,5.0,3.00
LOLB,tier_4,TacklesPerGame,1.50-2.99,tier_3,1,3.0,1.50
LOLB,tier_4,TacklesPerGame,0.50-1.49,tier_4,0,1.5,0.50
LOLB,tier_4,TacklesPerGame,0.00-0.49,tier_5,-1,0.5,0.00
LOLB,tier_4,TotalTurnovers,7-20,tier_0,6,21,7
LOLB,tier_4,TotalTurnovers,5-6,tier_1,4,7,5
LOLB,tier_4,TotalTurnovers,4,tier_2,3,4,4
LOLB,tier_4,TotalTurnovers,3,tier_3,1,3,3
LOLB,tier_4,TotalTurnovers,2,tier_4,0,2,2
LOLB,tier_4,TotalTurnovers,0-1,tier_5,-1,2,0
LOLB,tier_5,LBSacksTFLPassDeflPerGame,1.50-10.00,tier_0,10,10.01,1.50
LOLB,tier_5,LBSacksTFLPassDeflPerGame,1.00-1.49,tier_1,7,1.5,1.00
LOLB,tier_5,LBSacksTFLPassDeflPerGame,0.60-0.99,tier_2,5,1.0,0.60
LOLB,tier_5,LBSacksTFLPassDeflPerGame,0.25-0.59,tier_3,2,0.6,0.25
LOLB,tier_5,LBSacksTFLPassDeflPerGame,0.01-0.24,tier_4,0,0.25,0.01
LOLB,tier_5,LBSacksTFLPassDeflPerGame,0.00,tier_5,-2,0.00,0.00
LOLB,tier_5,TacklesPerGame,7.00-25.00,tier_0,6,25.01,7.00
LOLB,tier_5,TacklesPerGame,5.00-6.99,tier_1,5,7.0,5.00
LOLB,tier_5,TacklesPerGame,3.00-4.99,tier_2,4,5.0,3.00
LOLB,tier_5,TacklesPerGame,1.50-2.99,tier_3,2,3.0,1.50
LOLB,tier_5,TacklesPerGame,0.50-1.49,tier_4,0,1.5,0.50
LOLB,tier_5,TacklesPerGame,0.00-0.49,tier_5,-1,0.5,0.00
LOLB,tier_5,TotalTurnovers,7-20,tier_0,8,21,7
LOLB,tier_5,TotalTurnovers,5-6,tier_1,6,7,5
LOLB,tier_5,TotalTurnovers,4,tier_2,4,4,4
LOLB,tier_5,TotalTurnovers,3,tier_3,2,3,3
LOLB,tier_5,TotalTurnovers,2,tier_4,1,2,2
LOLB,tier_5,TotalTurnovers,0-1,tier_5,0,2,0
LOLB,tier_6,LBSacksTFLPassDeflPerGame,1.50-10.00,tier_0,12,10.01,1.50
LOLB,tier_6,LBSacksTFLPassDeflPerGame,1.00-1.49,tier_1,10,1.5,1.00
LOLB,tier_6,LBSacksTFLPassDeflPerGame,0.60-0.99,tier_2,7,1.0,0.60
LOLB,tier_6,LBSacksTFLPassDeflPerGame,0.25-0.59,tier_3,4,0.6,0.25
LOLB,tier_6,LBSacksTFLPassDeflPerGame,0.01-0.24,tier_4,1,0.25,0.01
LOLB,tier_6,LBSacksTFLPassDeflPerGame,0.00,tier_5,-1,0.00,0.00
LOLB,tier_6,TacklesPerGame,7.00-25.00,tier_0,8,25.01,7.00
LOLB,tier_6,TacklesPerGame,5.00-6.99,tier_1,6,7.0,5.00
LOLB,tier_6,TacklesPerGame,3.00-4.99,tier_2,5,5.0,3.00
LOLB,tier_6,TacklesPerGame,1.50-2.99,tier_3,2,3.0,1.50
LOLB,tier_6,TacklesPerGame,0.50-1.49,tier_4,1,1.5,0.50
LOLB,tier_6,TacklesPerGame,0.00-0.49,tier_5,0,0.5,0.00
LOLB,tier_6,TotalTurnovers,7-20,tier_0,10,21,7
LOLB,tier_6,TotalTurnovers,5-6,tier_1,7,7,5
LOLB,tier_6,TotalTurnovers,4,tier_2,5,4,4
LOLB,tier_6,TotalTurnovers,3,tier_3,3,3,3
LOLB,tier_6,TotalTurnovers,2,tier_4,1,2,2
LOLB,tier_6,TotalTurnovers,0-1,tier_5,0,2,0
ROLB,tier_0,LBSacksTFLPassDeflPerGame,1.50-10.00,tier_0,1,10.01,1.50
ROLB,tier_0,LBSacksTFLPassDeflPerGame,1.00-1.49,tier_1,-1,1.5,1.00
ROLB,tier_0,LBSacksTFLPassDeflPerGame,0.60-0.99,tier_2,-3,1.0,0.60
ROLB,tier_0,LBSacksTFLPassDeflPerGame,0.25-0.59,tier_3,-6,0.6,0.25
ROLB,tier_0,LBSacksTFLPassDeflPerGame,0.01-0.24,tier_4,-9,0.25,0.01
ROLB,tier_0,LBSacksTFLPassDeflPerGame,0.00,tier_5,-12,0.00,0.00
ROLB,tier_0,TacklesPerGame,7.00-25.00,tier_0,1,25.01,7.00
ROLB,tier_0,TacklesPerGame,5.00-6.99,tier_1,0,7.0,5.00
ROLB,tier_0,TacklesPerGame,3.00-4.99,tier_2,-1,5.0,3.00
ROLB,tier_0,TacklesPerGame,1.50-2.99,tier_3,-2,3.0,1.50
ROLB,tier_0,TacklesPerGame,0.50-1.49,tier_4,-3,1.5,0.50
ROLB,tier_0,TacklesPerGame,0.00-0.49,tier_5,-5,0.5,0.00
ROLB,tier_0,TotalTurnovers,7-20,tier_0,2,21,7
ROLB,tier_0,TotalTurnovers,5-6,tier_1,1,7,5
ROLB,tier_0,TotalTurnovers,4,tier_2,0,4,4
ROLB,tier_0,TotalTurnovers,3,tier_3,-1,3,3
ROLB,tier_0,TotalTurnovers,2,tier_4,-1,2,2
ROLB,tier_0,TotalTurnovers,0-1,tier_5,-3,2,0
ROLB,tier_1,LBSacksTFLPassDeflPerGame,1.50-10.00,tier_0,2,10.01,1.50
ROLB,tier_1,LBSacksTFLPassDeflPerGame,1.00-1.49,tier_1,0,1.5,1.00
ROLB,tier_1,LBSacksTFLPassDeflPerGame,0.60-0.99,tier_2,-2,1.0,0.60
ROLB,tier_1,LBSacksTFLPassDeflPerGame,0.25-0.59,tier_3,-4,0.6,0.25
ROLB,tier_1,LBSacksTFLPassDeflPerGame,0.01-0.24,tier_4,-7,0.25,0.01
ROLB,tier_1,LBSacksTFLPassDeflPerGame,0.00,tier_5,-10,0.00,0.00
ROLB,tier_1,TacklesPerGame,7.00-25.00,tier_0,2,25.01,7.00
ROLB,tier_1,TacklesPerGame,5.00-6.99,tier_1,1,7.0,5.00
ROLB,tier_1,TacklesPerGame,3.00-4.99,tier_2,0,5.0,3.00
ROLB,tier_1,TacklesPerGame,1.50-2.99,tier_3,-1,3.0,1.50
ROLB,tier_1,TacklesPerGame,0.50-1.49,tier_4,-2,1.5,0.50
ROLB,tier_1,TacklesPerGame,0.00-0.49,tier_5,-4,0.5,0.00
ROLB,tier_1,TotalTurnovers,7-20,tier_0,3,21,7
ROLB,tier_1,TotalTurnovers,5-6,tier_1,1,7,5
ROLB,tier_1,TotalTurnovers,4,tier_2,0,4,4
ROLB,tier_1,TotalTurnovers,3,tier_3,0,3,3
ROLB,tier_1,TotalTurnovers,2,tier_4,-1,2,2
ROLB,tier_1,TotalTurnovers,0-1,tier_5,-2,2,0
ROLB,tier_2,LBSacksTFLPassDeflPerGame,1.50-10.00,tier_0,4,10.01,1.50
ROLB,tier_2,LBSacksTFLPassDeflPerGame,1.00-1.49,tier_1,2,1.5,1.00
ROLB,tier_2,LBSacksTFLPassDeflPerGame,0.60-0.99,tier_2,-1,1.0,0.60
ROLB,tier_2,LBSacksTFLPassDeflPerGame,0.25-0.59,tier_3,-3,0.6,0.25
ROLB,tier_2,LBSacksTFLPassDeflPerGame,0.01-0.24,tier_4,-5,0.25,0.01
ROLB,tier_2,LBSacksTFLPassDeflPerGame,0.00,tier_5,-8,0.00,0.00
ROLB,tier_2,TacklesPerGame,7.00-25.00,tier_0,3,25.01,7.00
ROLB,tier_2,TacklesPerGame,5.00-6.99,tier_1,2,7.0,5.00
ROLB,tier_2,TacklesPerGame,3.00-4.99,tier_2,1,5.0,3.00
ROLB,tier_2,TacklesPerGame,1.50-2.99,tier_3,-1,3.0,1.50
ROLB,tier_2,TacklesPerGame,0.50-1.49,tier_4,-2,1.5,0.50
ROLB,tier_2,TacklesPerGame,0.00-0.49,tier_5,-3,0.5,0.00
ROLB,tier_2,TotalTurnovers,7-20,tier_0,4,21,7
ROLB,tier_2,TotalTurnovers,5-6,tier_1,2,7,5
ROLB,tier_2,TotalTurnovers,4,tier_2,1,4,4
ROLB,tier_2,TotalTurnovers,3,tier_3,0,3,3
ROLB,tier_2,TotalTurnovers,2,tier_4,-1,2,2
ROLB,tier_2,TotalTurnovers,0-1,tier_5,-2,2,0
ROLB,tier_3,LBSacksTFLPassDeflPerGame,1.50-10.00,tier_0,6,10.01,1.50
ROLB,tier_3,LBSacksTFLPassDeflPerGame,1.00-1.49,tier_1,3,1.5,1.00
ROLB,tier_3,LBSacksTFLPassDeflPerGame,0.60-0.99,tier_2,0,1.0,0.60
ROLB,tier_3,LBSacksTFLPassDeflPerGame,0.25-0.59,tier_3,-2,0.6,0.25
ROLB,tier_3,LBSacksTFLPassDeflPerGame,0.01-0.24,tier_4,-4,0.25,0.01
ROLB,tier_3,LBSacksTFLPassDeflPerGame,0.00,tier_5,-6,0.00,0.00
ROLB,tier_3,TacklesPerGame,7.00-25.00,tier_0,4,25.01,7.00
ROLB,tier_3,TacklesPerGame,5.00-6.99,tier_1,3,7.0,5.00
ROLB,tier_3,TacklesPerGame,3.00-4.99,tier_2,2,5.0,3.00
ROLB,tier_3,TacklesPerGame,1.50-2.99,tier_3,0,3.0,1.50
ROLB,tier_3,TacklesPerGame,0.50-1.49,tier_4,-1,1.5,0.50
ROLB,tier_3,TacklesPerGame,0.00-0.49,tier_5,-2,0.5,0.00
ROLB,tier_3,TotalTurnovers,7-20,tier_0,5,21,7
ROLB,tier_3,TotalTurnovers,5-6,tier_1,3,7,5
ROLB,tier_3,TotalTurnovers,4,tier_2,2,4,4
ROLB,tier_3,TotalTurnovers,3,tier_3,1,3,3
ROLB,tier_3,TotalTurnovers,2,tier_4,0,2,2
ROLB,tier_3,TotalTurnovers,0-1,tier_5,-2,2,0
ROLB,tier_4,LBSacksTFLPassDeflPerGame,1.50-10.00,tier_0,8,10.01,1.50
ROLB,tier_4,LBSacksTFLPassDeflPerGame,1.00-1.49,tier_1,5,1.5,1.00
ROLB,tier_4,LBSacksTFLPassDeflPerGame,0.60-0.99,tier_2,2,1.0,0.60
ROLB,tier_4,LBSacksTFLPassDeflPerGame,0.25-0.59,tier_3,0,0.6,0.25
ROLB,tier_4,LBSacksTFLPassDeflPerGame,0.01-0.24,tier_4,-2,0.25,0.01
ROLB,tier_4,LBSacksTFLPassDeflPerGame,0.00,tier_5,-4,0.00,0.00
ROLB,tier_4,TacklesPerGame,7.00-25.00,tier_0,5,25.01,7.00
ROLB,tier_4,TacklesPerGame,5.00-6.99,tier_1,4,7.0,5.00
ROLB,tier_4,TacklesPerGame,3.00-4.99,tier_2,3,5.0,3.00
ROLB,tier_4,TacklesPerGame,1.50-2.99,tier_3,1,3.0,1.50
ROLB,tier_4,TacklesPerGame,0.50-1.49,tier_4,0,1.5,0.50
ROLB,tier_4,TacklesPerGame,0.00-0.49,tier_5,-1,0.5,0.00
ROLB,tier_4,TotalTurnovers,7-20,tier_0,6,21,7
ROLB,tier_4,TotalTurnovers,5-6,tier_1,4,7,5
ROLB,tier_4,TotalTurnovers,4,tier_2,3,4,4
ROLB,tier_4,TotalTurnovers,3,tier_3,1,3,3
ROLB,tier_4,TotalTurnovers,2,tier_4,0,2,2
ROLB,tier_4,TotalTurnovers,0-1,tier_5,-1,2,0
ROLB,tier_5,LBSacksTFLPassDeflPerGame,1.50-10.00,tier_0,10,10.01,1.50
ROLB,tier_5,LBSacksTFLPassDeflPerGame,1.00-1.49,tier_1,7,1.5,1.00
ROLB,tier_5,LBSacksTFLPassDeflPerGame,0.60-0.99,tier_2,5,1.0,0.60
ROLB,tier_5,LBSacksTFLPassDeflPerGame,0.25-0.59,tier_3,2,0.6,0.25
ROLB,tier_5,LBSacksTFLPassDeflPerGame,0.01-0.24,tier_4,0,0.25,0.01
ROLB,tier_5,LBSacksTFLPassDeflPerGame,0.00,tier_5,-2,0.00,0.00
ROLB,tier_5,TacklesPerGame,7.00-25.00,tier_0,6,25.01,7.00
ROLB,tier_5,TacklesPerGame,5.00-6.99,tier_1,5,7.0,5.00
ROLB,tier_5,TacklesPerGame,3.00-4.99,tier_2,4,5.0,3.00
ROLB,tier_5,TacklesPerGame,1.50-2.99,tier_3,2,3.0,1.50
ROLB,tier_5,TacklesPerGame,0.50-1.49,tier_4,0,1.5,0.50
ROLB,tier_5,TacklesPerGame,0.00-0.49,tier_5,-1,0.5,0.00
ROLB,tier_5,TotalTurnovers,7-20,tier_0,8,21,7
ROLB,tier_5,TotalTurnovers,5-6,tier_1,6,7,5
ROLB,tier_5,TotalTurnovers,4,tier_2,4,4,4
ROLB,tier_5,TotalTurnovers,3,tier_3,2,3,3
ROLB,tier_5,TotalTurnovers,2,tier_4,1,2,2
ROLB,tier_5,TotalTurnovers,0-1,tier_5,0,2,0
ROLB,tier_6,LBSacksTFLPassDeflPerGame,1.50-10.00,tier_0,12,10.01,1.50
ROLB,tier_6,LBSacksTFLPassDeflPerGame,1.00-1.49,tier_1,10,1.5,1.00
ROLB,tier_6,LBSacksTFLPassDeflPerGame,0.60-0.99,tier_2,7,1.0,0.60
ROLB,tier_6,LBSacksTFLPassDeflPerGame,0.25-0.59,tier_3,4,0.6,0.25
ROLB,tier_6,LBSacksTFLPassDeflPerGame,0.01-0.24,tier_4,1,0.25,0.01
ROLB,tier_6,LBSacksTFLPassDeflPerGame,0.00,tier_5,-1,0.00,0.00
ROLB,tier_6,TacklesPerGame,7.00-25.00,tier_0,8,25.01,7.00
ROLB,tier_6,TacklesPerGame,5.00-6.99,tier_1,6,7.0,5.00
ROLB,tier_6,TacklesPerGame,3.00-4.99,tier_2,5,5.0,3.00
ROLB,tier_6,TacklesPerGame,1.50-2.99,tier_3,2,3.0,1.50
ROLB,tier_6,TacklesPerGame,0.50-1.49,tier_4,1,1.5,0.50
ROLB,tier_6,TacklesPerGame,0.00-0.49,tier_5,0,0.5,0.00
ROLB,tier_6,TotalTurnovers,7-20,tier_0,10,21,7
ROLB,tier_6,TotalTurnovers,5-6,tier_1,7,7,5
ROLB,tier_6,TotalTurnovers,4,tier_2,5,4,4
ROLB,tier_6,TotalTurnovers,3,tier_3,3,3,3
ROLB,tier_6,TotalTurnovers,2,tier_4,1,2,2
ROLB,tier_6,TotalTurnovers,0-1,tier_5,0,2,0
MLB,tier_0,TacklesPerGame,9.00-20.00,tier_0,1,20.01,9.00
MLB,tier_0,TacklesPerGame,8.00-8.99,tier_1,-1,9.0,8.00
MLB,tier_0,TacklesPerGame,7.00-7.99,tier_2,-3,8.0,7.00
MLB,tier_0,TacklesPerGame,5.00-6.99,tier_3,-6,7.0,5.00
MLB,tier_0,TacklesPerGame,2.50-4.99,tier_4,-9,5.0,2.50
MLB,tier_0,TacklesPerGame,0.00-2.49,tier_5,-12,2.5000000000000004,0.00
MLB,tier_0,LBSacksTFLPassDeflPerGame,1.20-10.00,tier_0,1,10.01,1.20
MLB,tier_0,LBSacksTFLPassDeflPerGame,0.80-1.19,tier_1,-1,1.2,0.80
MLB,tier_0,LBSacksTFLPassDeflPerGame,0.50-0.79,tier_2,-2,0.8,0.50
MLB,tier_0,LBSacksTFLPassDeflPerGame,0.25-0.49,tier_3,-4,0.5,0.25
MLB,tier_0,LBSacksTFLPassDeflPerGame,0.01-0.24,tier_4,-6,0.25,0.01
MLB,tier_0,LBSacksTFLPassDeflPerGame,0.00,tier_5,-8,0.00,0.00
MLB,tier_0,TotalTurnovers,5-20,tier_0,1,21,5
MLB,tier_0,TotalTurnovers,4,tier_1,0,4,4
MLB,tier_0,TotalTurnovers,3,tier_2,0,3,3
MLB,tier_0,TotalTurnovers,2,tier_3,-1,2,2
MLB,tier_0,TotalTurnovers,1,tier_4,-2,1,1
MLB,tier_0,TotalTurnovers,0,tier_5,-3,0,0
MLB,tier_1,TacklesPerGame,9.00-20.00,tier_0,2,20.01,9.00
MLB,tier_1,TacklesPerGame,8.00-8.99,tier_1,1,9.0,8.00
MLB,tier_1,TacklesPerGame,7.00-7.99,tier_2,-2,8.0,7.00
MLB,tier_1,TacklesPerGame,5.00-6.99,tier_3,-4,7.0,5.00
MLB,tier_1,TacklesPerGame,2.50-4.99,tier_4,-6,5.0,2.50
MLB,tier_1,TacklesPerGame,0.00-2.49,tier_5,-10,2.5000000000000004,0.00
MLB,tier_1,LBSacksTFLPassDeflPerGame,1.20-10.00,tier_0,2,10.01,1.20
MLB,tier_1,LBSacksTFLPassDeflPerGame,0.80-1.19,tier_1,0,1.2,0.80
MLB,tier_1,LBSacksTFLPassDeflPerGame,0.50-0.79,tier_2,-1,0.8,0.50
MLB,tier_1,LBSacksTFLPassDeflPerGame,0.25-0.49,tier_3,-3,0.5,0.25
MLB,tier_1,LBSacksTFLPassDeflPerGame,0.01-0.24,tier_4,-5,0.25,0.01
MLB,tier_1,LBSacksTFLPassDeflPerGame,0.00,tier_5,-7,0.00,0.00
MLB,tier_1,TotalTurnovers,5-20,tier_0,2,21,5
MLB,tier_1,TotalTurnovers,4,tier_1,1,4,4
MLB,tier_1,TotalTurnovers,3,tier_2,0,3,3
MLB,tier_1,TotalTurnovers,2,tier_3,0,2,2
MLB,tier_1,TotalTurnovers,1,tier_4,-1,1,1
MLB,tier_1,TotalTurnovers,0,tier_5,-2,0,0
MLB,tier_2,TacklesPerGame,9.00-20.00,tier_0,3,20.01,9.00
MLB,tier_2,TacklesPerGame,8.00-8.99,tier_1,1,9.0,8.00
MLB,tier_2,TacklesPerGame,7.00-7.99,tier_2,-1,8.0,7.00
MLB,tier_2,TacklesPerGame,5.00-6.99,tier_3,-3,7.0,5.00
MLB,tier_2,TacklesPerGame,2.50-4.99,tier_4,-5,5.0,2.50
MLB,tier_2,TacklesPerGame,0.00-2.49,tier_5,-8,2.5000000000000004,0.00
MLB,tier_2,LBSacksTFLPassDeflPerGame,1.20-10.00,tier_0,3,10.01,1.20
MLB,tier_2,LBSacksTFLPassDeflPerGame,0.80-1.19,tier_1,1,1.2,0.80
MLB,tier_2,LBSacksTFLPassDeflPerGame,0.50-0.79,tier_2,0,0.8,0.50
MLB,tier_2,LBSacksTFLPassDeflPerGame,0.25-0.49,tier_3,-2,0.5,0.25
MLB,tier_2,LBSacksTFLPassDeflPerGame,0.01-0.24,tier_4,-4,0.25,0.01
MLB,tier_2,LBSacksTFLPassDeflPerGame,0.00,tier_5,-5,0.00,0.00
MLB,tier_2,TotalTurnovers,5-20,tier_0,3,21,5
MLB,tier_2,TotalTurnovers,4,tier_1,2,4,4
MLB,tier_2,TotalTurnovers,3,tier_2,1,3,3
MLB,tier_2,TotalTurnovers,2,tier_3,0,2,2
MLB,tier_2,TotalTurnovers,1,tier_4,-1,1,1
MLB,tier_2,TotalTurnovers,0,tier_5,-1,0,0
MLB,tier_3,TacklesPerGame,9.00-20.00,tier_0,4,20.01,9.00
MLB,tier_3,TacklesPerGame,8.00-8.99,tier_1,2,9.0,8.00
MLB,tier_3,TacklesPerGame,7.00-7.99,tier_2,0,8.0,7.00
MLB,tier_3,TacklesPerGame,5.00-6.99,tier_3,-2,7.0,5.00
MLB,tier_3,TacklesPerGame,2.50-4.99,tier_4,-4,5.0,2.50
MLB,tier_3,TacklesPerGame,0.00-2.49,tier_5,-6,2.5000000000000004,0.00
MLB,tier_3,LBSacksTFLPassDeflPerGame,1.20-10.00,tier_0,4,10.01,1.20
MLB,tier_3,LBSacksTFLPassDeflPerGame,0.80-1.19,tier_1,2,1.2,0.80
MLB,tier_3,LBSacksTFLPassDeflPerGame,0.50-0.79,tier_2,0,0.8,0.50
MLB,tier_3,LBSacksTFLPassDeflPerGame,0.25-0.49,tier_3,-1,0.5,0.25
MLB,tier_3,LBSacksTFLPassDeflPerGame,0.01-0.24,tier_4,-3,0.25,0.01
MLB,tier_3,LBSacksTFLPassDeflPerGame,0.00,tier_5,-4,0.00,0.00
MLB,tier_3,TotalTurnovers,5-20,tier_0,4,21,5
MLB,tier_3,TotalTurnovers,4,tier_1,3,4,4
MLB,tier_3,TotalTurnovers,3,tier_2,2,3,3
MLB,tier_3,TotalTurnovers,2,tier_3,1,2,2
MLB,tier_3,TotalTurnovers,1,tier_4,0,1,1
MLB,tier_3,TotalTurnovers,0,tier_5,-1,0,0
MLB,tier_4,TacklesPerGame,9.00-20.00,tier_0,6,20.01,9.00
MLB,tier_4,TacklesPerGame,8.00-8.99,tier_1,4,9.0,8.00
MLB,tier_4,TacklesPerGame,7.00-7.99,tier_2,2,8.0,7.00
MLB,tier_4,TacklesPerGame,5.00-6.99,tier_3,0,7.0,5.00
MLB,tier_4,TacklesPerGame,2.50-4.99,tier_4,-2,5.0,2.50
MLB,tier_4,TacklesPerGame,0.00-2.49,tier_5,-4,2.5000000000000004,0.00
MLB,tier_4,LBSacksTFLPassDeflPerGame,1.20-10.00,tier_0,6,10.01,1.20
MLB,tier_4,LBSacksTFLPassDeflPerGame,0.80-1.19,tier_1,4,1.2,0.80
MLB,tier_4,LBSacksTFLPassDeflPerGame,0.50-0.79,tier_2,2,0.8,0.50
MLB,tier_4,LBSacksTFLPassDeflPerGame,0.25-0.49,tier_3,0,0.5,0.25
MLB,tier_4,LBSacksTFLPassDeflPerGame,0.01-0.24,tier_4,-2,0.25,0.01
MLB,tier_4,LBSacksTFLPassDeflPerGame,0.00,tier_5,-3,0.00,0.00
MLB,tier_4,TotalTurnovers,5-20,tier_0,5,21,5
MLB,tier_4,TotalTurnovers,4,tier_1,4,4,4
MLB,tier_4,TotalTurnovers,3,tier_2,3,3,3
MLB,tier_4,TotalTurnovers,2,tier_3,1,2,2
MLB,tier_4,TotalTurnovers,1,tier_4,0,1,1
MLB,tier_4,TotalTurnovers,0,tier_5,-1,0,0
MLB,tier_5,TacklesPerGame,9.00-20.00,tier_0,8,20.01,9.00
MLB,tier_5,TacklesPerGame,8.00-8.99,tier_1,6,9.0,8.00
MLB,tier_5,TacklesPerGame,7.00-7.99,tier_2,4,8.0,7.00
MLB,tier_5,TacklesPerGame,5.00-6.99,tier_3,2,7.0,5.00
MLB,tier_5,TacklesPerGame,2.50-4.99,tier_4,0,5.0,2.50
MLB,tier_5,TacklesPerGame,0.00-2.49,tier_5,-2,2.5000000000000004,0.00
MLB,tier_5,LBSacksTFLPassDeflPerGame,1.20-10.00,tier_0,7,10.01,1.20
MLB,tier_5,LBSacksTFLPassDeflPerGame,0.80-1.19,tier_1,5,1.2,0.80
MLB,tier_5,LBSacksTFLPassDeflPerGame,0.50-0.79,tier_2,3,0.8,0.50
MLB,tier_5,LBSacksTFLPassDeflPerGame,0.25-0.49,tier_3,1,0.5,0.25
MLB,tier_5,LBSacksTFLPassDeflPerGame,0.01-0.24,tier_4,-1,0.25,0.01
MLB,tier_5,LBSacksTFLPassDeflPerGame,0.00,tier_5,-2,0.00,0.00
MLB,tier_5,TotalTurnovers,5-20,tier_0,6,21,5
MLB,tier_5,TotalTurnovers,4,tier_1,5,4,4
MLB,tier_5,TotalTurnovers,3,tier_2,4,3,3
MLB,tier_5,TotalTurnovers,2,tier_3,2,2,2
MLB,tier_5,TotalTurnovers,1,tier_4,0,1,1
MLB,tier_5,TotalTurnovers,0,tier_5,-1,0,0
MLB,tier_6,TacklesPerGame,9.00-20.00,tier_0,10,20.01,9.00
MLB,tier_6,TacklesPerGame,8.00-8.99,tier_1,8,9.0,8.00
MLB,tier_6,TacklesPerGame,7.00-7.99,tier_2,5,8.0,7.00
MLB,tier_6,TacklesPerGame,5.00-6.99,tier_3,3,7.0,5.00
MLB,tier_6,TacklesPerGame,2.50-4.99,tier_4,1,5.0,2.50
MLB,tier_6,TacklesPerGame,0.00-2.49,tier_5,-1,2.5000000000000004,0.00
MLB,tier_6,LBSacksTFLPassDeflPerGame,1.20-10.00,tier_0,9,10.01,1.20
MLB,tier_6,LBSacksTFLPassDeflPerGame,0.80-1.19,tier_1,6,1.2,0.80
MLB,tier_6,LBSacksTFLPassDeflPerGame,0.50-0.79,tier_2,4,0.8,0.50
MLB,tier_6,LBSacksTFLPassDeflPerGame,0.25-0.49,tier_3,2,0.5,0.25
MLB,tier_6,LBSacksTFLPassDeflPerGame,0.01-0.24,tier_4,1,0.25,0.01
MLB,tier_6,LBSacksTFLPassDeflPerGame,0.00,tier_5,0,0.00,0.00
MLB,tier_6,TotalTurnovers,5-20,tier_0,8,21,5
MLB,tier_6,TotalTurnovers,4,tier_1,7,4,4
MLB,tier_6,TotalTurnovers,3,tier_2,5,3,3
MLB,tier_6,TotalTurnovers,2,tier_3,2,2,2
MLB,tier_6,TotalTurnovers,1,tier_4,1,1,1
MLB,tier_6,TotalTurnovers,0,tier_5,0,0,0
CB,tier_0,TotalTurnovers,8-20,tier_0,1,21,8
CB,tier_0,TotalTurnovers,6-7,tier_1,0,8,6
CB,tier_0,TotalTurnovers,4-5,tier_2,-1,6,4
CB,tier_0,TotalTurnovers,2-3,tier_3,-2,4,2
CB,tier_0,TotalTurnovers,1,tier_4,-4,1,1
CB,tier_0,TotalTurnovers,0,tier_5,-5,0,0
CB,tier_0,CBPassDeflPerGame,1.20-10.00,tier_0,1,10.01,1.20
CB,tier_0,CBPassDeflPerGame,1.00-1.19,tier_1,0,1.2,1.00
CB,tier_0,CBPassDeflPerGame,0.75-0.99,tier_2,-1,1.0,0.75
CB,tier_0,CBPassDeflPerGame,0.50-0.74,tier_3,-2,0.75,0.50
CB,tier_0,CBPassDeflPerGame,0.25-0.49,tier_4,-4,0.5,0.25
CB,tier_0,CBPassDeflPerGame,0.00-0.24,tier_5,-6,0.25,0.00
CB,tier_0,CBCatchAllowPer100Snaps,0.00-1.00,tier_0,1,1.01,0.00
CB,tier_0,CBCatchAllowPer100Snaps,1.01-1.75,tier_1,1,1.76,1.01
CB,tier_0,CBCatchAllowPer100Snaps,1.76-2.50,tier_2,0,2.51,1.76
CB,tier_0,CBCatchAllowPer100Snaps,2.51-3.50,tier_3,-1,3.51,2.51
CB,tier_0,CBCatchAllowPer100Snaps,3.51-4.00,tier_4,-4,4.01,3.51
CB,tier_0,CBCatchAllowPer100Snaps,4.01-25.00,tier_5,-7,25.01,4.01
CB,tier_1,TotalTurnovers,8-20,tier_0,2,21,8
CB,tier_1,TotalTurnovers,6-7,tier_1,1,8,6
CB,tier_1,TotalTurnovers,4-5,tier_2,0,6,4
CB,tier_1,TotalTurnovers,2-3,tier_3,-1,4,2
CB,tier_1,TotalTurnovers,1,tier_4,-2,1,1
CB,tier_1,TotalTurnovers,0,tier_5,-4,0,0
CB,tier_1,CBPassDeflPerGame,1.20-10.00,tier_0,2,10.01,1.20
CB,tier_1,CBPassDeflPerGame,1.00-1.19,tier_1,1,1.2,1.00
CB,tier_1,CBPassDeflPerGame,0.75-0.99,tier_2,0,1.0,0.75
CB,tier_1,CBPassDeflPerGame,0.50-0.74,tier_3,-1,0.75,0.50
CB,tier_1,CBPassDeflPerGame,0.25-0.49,tier_4,-3,0.5,0.25
CB,tier_1,CBPassDeflPerGame,0.00-0.24,tier_5,-5,0.25,0.00
CB,tier_1,CBCatchAllowPer100Snaps,0.00-1.00,tier_0,1,1.01,0.00
CB,tier_1,CBCatchAllowPer100Snaps,1.01-1.75,tier_1,1,1.76,1.01
CB,tier_1,CBCatchAllowPer100Snaps,1.76-2.50,tier_2,0,2.51,1.76
CB,tier_1,CBCatchAllowPer100Snaps,2.51-3.50,tier_3,-1,3.51,2.51
CB,tier_1,CBCatchAllowPer100Snaps,3.51-4.00,tier_4,-3,4.01,3.51
CB,tier_1,CBCatchAllowPer100Snaps,4.01-25.00,tier_5,-6,25.01,4.01
CB,tier_2,TotalTurnovers,8-20,tier_0,4,21,8
CB,tier_2,TotalTurnovers,6-7,tier_1,3,8,6
CB,tier_2,TotalTurnovers,4-5,tier_2,1,6,4
CB,tier_2,TotalTurnovers,2-3,tier_3,0,4,2
CB,tier_2,TotalTurnovers,1,tier_4,-1,1,1
CB,tier_2,TotalTurnovers,0,tier_5,-3,0,0
CB,tier_2,CBPassDeflPerGame,1.20-10.00,tier_0,4,10.01,1.20
CB,tier_2,CBPassDeflPerGame,1.00-1.19,tier_1,2,1.2,1.00
CB,tier_2,CBPassDeflPerGame,0.75-0.99,tier_2,1,1.0,0.75
CB,tier_2,CBPassDeflPerGame,0.50-0.74,tier_3,-1,0.75,0.50
CB,tier_2,CBPassDeflPerGame,0.25-0.49,tier_4,-2,0.5,0.25
CB,tier_2,CBPassDeflPerGame,0.00-0.24,tier_5,-4,0.25,0.00
CB,tier_2,CBCatchAllowPer100Snaps,0.00-1.00,tier_0,1,1.01,0.00
CB,tier_2,CBCatchAllowPer100Snaps,1.01-1.75,tier_1,1,1.76,1.01
CB,tier_2,CBCatchAllowPer100Snaps,1.76-2.50,tier_2,0,2.51,1.76
CB,tier_2,CBCatchAllowPer100Snaps,2.51-3.50,tier_3,0,3.51,2.51
CB,tier_2,CBCatchAllowPer100Snaps,3.51-4.00,tier_4,-2,4.01,3.51
CB,tier_2,CBCatchAllowPer100Snaps,4.01-25.00,tier_5,-5,25.01,4.01
CB,tier_3,TotalTurnovers,8-20,tier_0,5,21,8
CB,tier_3,TotalTurnovers,6-7,tier_1,4,8,6
CB,tier_3,TotalTurnovers,4-5,tier_2,2,6,4
CB,tier_3,TotalTurnovers,2-3,tier_3,0,4,2
CB,tier_3,TotalTurnovers,1,tier_4,-1,1,1
CB,tier_3,TotalTurnovers,0,tier_5,-2,0,0
CB,tier_3,CBPassDeflPerGame,1.20-10.00,tier_0,5,10.01,1.20
CB,tier_3,CBPassDeflPerGame,1.00-1.19,tier_1,2,1.2,1.00
CB,tier_3,CBPassDeflPerGame,0.75-0.99,tier_2,1,1.0,0.75
CB,tier_3,CBPassDeflPerGame,0.50-0.74,tier_3,0,0.75,0.50
CB,tier_3,CBPassDeflPerGame,0.25-0.49,tier_4,-1,0.5,0.25
CB,tier_3,CBPassDeflPerGame,0.00-0.24,tier_5,-3,0.25,0.00
CB,tier_3,CBCatchAllowPer100Snaps,0.00-1.00,tier_0,2,1.01,0.00
CB,tier_3,CBCatchAllowPer100Snaps,1.01-1.75,tier_1,1,1.76,1.01
CB,tier_3,CBCatchAllowPer100Snaps,1.76-2.50,tier_2,0,2.51,1.76
CB,tier_3,CBCatchAllowPer100Snaps,2.51-3.50,tier_3,0,3.51,2.51
CB,tier_3,CBCatchAllowPer100Snaps,3.51-4.00,tier_4,-1,4.01,3.51
CB,tier_3,CBCatchAllowPer100Snaps,4.01-25.00,tier_5,-4,25.01,4.01
CB,tier_4,TotalTurnovers,8-20,tier_0,6,21,8
CB,tier_4,TotalTurnovers,6-7,tier_1,5,8,6
CB,tier_4,TotalTurnovers,4-5,tier_2,3,6,4
CB,tier_4,TotalTurnovers,2-3,tier_3,0,4,2
CB,tier_4,TotalTurnovers,1,tier_4,-1,1,1
CB,tier_4,TotalTurnovers,0,tier_5,-1,0,0
CB,tier_4,CBPassDeflPerGame,1.20-10.00,tier_0,6,10.01,1.20
CB,tier_4,CBPassDeflPerGame,1.00-1.19,tier_1,3,1.2,1.00
CB,tier_4,CBPassDeflPerGame,0.75-0.99,tier_2,1,1.0,0.75
CB,tier_4,CBPassDeflPerGame,0.50-0.74,tier_3,0,0.75,0.50
CB,tier_4,CBPassDeflPerGame,0.25-0.49,tier_4,-1,0.5,0.25
CB,tier_4,CBPassDeflPerGame,0.00-0.24,tier_5,-2,0.25,0.00
CB,tier_4,CBCatchAllowPer100Snaps,0.00-1.00,tier_0,2,1.01,0.00
CB,tier_4,CBCatchAllowPer100Snaps,1.01-1.75,tier_1,1,1.76,1.01
CB,tier_4,CBCatchAllowPer100Snaps,1.76-2.50,tier_2,0,2.51,1.76
CB,tier_4,CBCatchAllowPer100Snaps,2.51-3.50,tier_3,0,3.51,2.51
CB,tier_4,CBCatchAllowPer100Snaps,3.51-4.00,tier_4,-1,4.01,3.51
CB,tier_4,CBCatchAllowPer100Snaps,4.01-25.00,tier_5,-3,25.01,4.01
CB,tier_5,TotalTurnovers,8-20,tier_0,8,21,8
CB,tier_5,TotalTurnovers,6-7,tier_1,6,8,6
CB,tier_5,TotalTurnovers,4-5,tier_2,4,6,4
CB,tier_5,TotalTurnovers,2-3,tier_3,2,4,2
CB,tier_5,TotalTurnovers,1,tier_4,0,1,1
CB,tier_5,TotalTurnovers,0,tier_5,-1,0,0
CB,tier_5,CBPassDeflPerGame,1.20-10.00,tier_0,8,10.01,1.20
CB,tier_5,CBPassDeflPerGame,1.00-1.19,tier_1,6,1.2,1.00
CB,tier_5,CBPassDeflPerGame,0.75-0.99,tier_2,4,1.0,0.75
CB,tier_5,CBPassDeflPerGame,0.50-0.74,tier_3,2,0.75,0.50
CB,tier_5,CBPassDeflPerGame,0.25-0.49,tier_4,0,0.5,0.25
CB,tier_5,CBPassDeflPerGame,0.00-0.24,tier_5,-1,0.25,0.00
CB,tier_5,CBCatchAllowPer100Snaps,0.00-1.00,tier_0,3,1.01,0.00
CB,tier_5,CBCatchAllowPer100Snaps,1.01-1.75,tier_1,2,1.76,1.01
CB,tier_5,CBCatchAllowPer100Snaps,1.76-2.50,tier_2,1,2.51,1.76
CB,tier_5,CBCatchAllowPer100Snaps,2.51-3.50,tier_3,0,3.51,2.51
CB,tier_5,CBCatchAllowPer100Snaps,3.51-4.00,tier_4,-1,4.01,3.51
CB,tier_5,CBCatchAllowPer100Snaps,4.01-25.00,tier_5,-2,25.01,4.01
CB,tier_6,TotalTurnovers,8-20,tier_0,10,21,8
CB,tier_6,TotalTurnovers,6-7,tier_1,8,8,6
CB,tier_6,TotalTurnovers,4-5,tier_2,5,6,4
CB,tier_6,TotalTurnovers,2-3,tier_3,3,4,2
CB,tier_6,TotalTurnovers,1,tier_4,1,1,1
CB,tier_6,TotalTurnovers,0,tier_5,0,0,0
CB,tier_6,CBPassDeflPerGame,1.20-10.00,tier_0,10,10.01,1.20
CB,tier_6,CBPassDeflPerGame,1.00-1.19,tier_1,7,1.2,1.00
CB,tier_6,CBPassDeflPerGame,0.75-0.99,tier_2,5,1.0,0.75
CB,tier_6,CBPassDeflPerGame,0.50-0.74,tier_3,3,0.75,0.50
CB,tier_6,CBPassDeflPerGame,0.25-0.49,tier_4,1,0.5,0.25
CB,tier_6,CBPassDeflPerGame,0.00-0.24,tier_5,0,0.25,0.00
CB,tier_6,CBCatchAllowPer100Snaps,0.00-1.00,tier_0,4,1.01,0.00
CB,tier_6,CBCatchAllowPer100Snaps,1.01-1.75,tier_1,2,1.76,1.01
CB,tier_6,CBCatchAllowPer100Snaps,1.76-2.50,tier_2,1,2.51,1.76
CB,tier_6,CBCatchAllowPer100Snaps,2.51-3.50,tier_3,0,3.51,2.51
CB,tier_6,CBCatchAllowPer100Snaps,3.51-4.00,tier_4,-1,4.01,3.51
CB,tier_6,CBCatchAllowPer100Snaps,4.01-25.00,tier_5,-1,25.01,4.01
FS,tier_0,TotalTurnovers,6-20,tier_0,1,21,6
FS,tier_0,TotalTurnovers,4-5,tier_1,0,6,4
FS,tier_0,TotalTurnovers,3,tier_2,0,3,3
FS,tier_0,TotalTurnovers,2,tier_3,-1,2,2
FS,tier_0,TotalTurnovers,1,tier_4,-3,1,1
FS,tier_0,TotalTurnovers,0,tier_5,-5,0,0
FS,tier_0,TacklesPerGame,5.50-15.00,tier_0,1,15.01,5.50
FS,tier_0,TacklesPerGame,5.00-5.49,tier_1,-1,5.5,5.00
FS,tier_0,TacklesPerGame,4.00-4.99,tier_2,-2,5.0,4.00
FS,tier_0,TacklesPerGame,3.00-3.99,tier_3,-4,4.0,3.00
FS,tier_0,TacklesPerGame,2.00-2.99,tier_4,-6,3.0,2.00
FS,tier_0,TacklesPerGame,0.00-1.99,tier_5,-8,2.0,0.00
FS,tier_0,SafetiesCatchAllowMinusPDPerGame,-20>0,tier_0,1,1.0,-20
FS,tier_0,SafetiesCatchAllowMinusPDPerGame,0.01-0.50,tier_1,0,0.51,0.01
FS,tier_0,SafetiesCatchAllowMinusPDPerGame,0.51-1.00,tier_2,0,1.01,0.51
FS,tier_0,SafetiesCatchAllowMinusPDPerGame,1.01-1.50,tier_3,-1,1.51,1.01
FS,tier_0,SafetiesCatchAllowMinusPDPerGame,1.51-2.00,tier_4,-4,2.01,1.51
FS,tier_0,SafetiesCatchAllowMinusPDPerGame,2.01-20.00,tier_5,-7,20.01,2.01
FS,tier_1,TotalTurnovers,6-20,tier_0,3,21,6
FS,tier_1,TotalTurnovers,4-5,tier_1,2,6,4
FS,tier_1,TotalTurnovers,3,tier_2,1,3,3
FS,tier_1,TotalTurnovers,2,tier_3,0,2,2
FS,tier_1,TotalTurnovers,1,tier_4,-2,1,1
FS,tier_1,TotalTurnovers,0,tier_5,-4,0,0
FS,tier_1,TacklesPerGame,5.50-15.00,tier_0,2,15.01,5.50
FS,tier_1,TacklesPerGame,5.00-5.49,tier_1,0,5.5,5.00
FS,tier_1,TacklesPerGame,4.00-4.99,tier_2,-1,5.0,4.00
FS,tier_1,TacklesPerGame,3.00-3.99,tier_3,-3,4.0,3.00
FS,tier_1,TacklesPerGame,2.00-2.99,tier_4,-5,3.0,2.00
FS,tier_1,TacklesPerGame,0.00-1.99,tier_5,-7,2.0,0.00
FS,tier_1,SafetiesCatchAllowMinusPDPerGame,-20>0,tier_0,1,1.0,-20
FS,tier_1,SafetiesCatchAllowMinusPDPerGame,0.01-0.50,tier_1,0,0.51,0.01
FS,tier_1,SafetiesCatchAllowMinusPDPerGame,0.51-1.00,tier_2,0,1.01,0.51
FS,tier_1,SafetiesCatchAllowMinusPDPerGame,1.01-1.50,tier_3,0,1.51,1.01
FS,tier_1,SafetiesCatchAllowMinusPDPerGame,1.51-2.00,tier_4,-4,2.01,1.51
FS,tier_1,SafetiesCatchAllowMinusPDPerGame,2.01-20.00,tier_5,-6,20.01,2.01
FS,tier_2,TotalTurnovers,6-20,tier_0,4,21,6
FS,tier_2,TotalTurnovers,4-5,tier_1,3,6,4
FS,tier_2,TotalTurnovers,3,tier_2,1,3,3
FS,tier_2,TotalTurnovers,2,tier_3,0,2,2
FS,tier_2,TotalTurnovers,1,tier_4,-1,1,1
FS,tier_2,TotalTurnovers,0,tier_5,-3,0,0
FS,tier_2,TacklesPerGame,5.50-15.00,tier_0,3,15.01,5.50
FS,tier_2,TacklesPerGame,5.00-5.49,tier_1,2,5.5,5.00
FS,tier_2,TacklesPerGame,4.00-4.99,tier_2,0,5.0,4.00
FS,tier_2,TacklesPerGame,3.00-3.99,tier_3,-1,4.0,3.00
FS,tier_2,TacklesPerGame,2.00-2.99,tier_4,-3,3.0,2.00
FS,tier_2,TacklesPerGame,0.00-1.99,tier_5,-5,2.0,0.00
FS,tier_2,SafetiesCatchAllowMinusPDPerGame,-20>0,tier_0,1,1.0,-20
FS,tier_2,SafetiesCatchAllowMinusPDPerGame,0.01-0.50,tier_1,1,0.51,0.01
FS,tier_2,SafetiesCatchAllowMinusPDPerGame,0.51-1.00,tier_2,0,1.01,0.51
FS,tier_2,SafetiesCatchAllowMinusPDPerGame,1.01-1.50,tier_3,0,1.51,1.01
FS,tier_2,SafetiesCatchAllowMinusPDPerGame,1.51-2.00,tier_4,-3,2.01,1.51
FS,tier_2,SafetiesCatchAllowMinusPDPerGame,2.01-20.00,tier_5,-5,20.01,2.01
FS,tier_3,TotalTurnovers,6-20,tier_0,5,21,6
FS,tier_3,TotalTurnovers,4-5,tier_1,4,6,4
FS,tier_3,TotalTurnovers,3,tier_2,2,3,3
FS,tier_3,TotalTurnovers,2,tier_3,1,2,2
FS,tier_3,TotalTurnovers,1,tier_4,0,1,1
FS,tier_3,TotalTurnovers,0,tier_5,-2,0,0
FS,tier_3,TacklesPerGame,5.50-15.00,tier_0,4,15.01,5.50
FS,tier_3,TacklesPerGame,5.00-5.49,tier_1,3,5.5,5.00
FS,tier_3,TacklesPerGame,4.00-4.99,tier_2,1,5.0,4.00
FS,tier_3,TacklesPerGame,3.00-3.99,tier_3,0,4.0,3.00
FS,tier_3,TacklesPerGame,2.00-2.99,tier_4,-2,3.0,2.00
FS,tier_3,TacklesPerGame,0.00-1.99,tier_5,-4,2.0,0.00
FS,tier_3,SafetiesCatchAllowMinusPDPerGame,-20>0,tier_0,2,1.0,-20
FS,tier_3,SafetiesCatchAllowMinusPDPerGame,0.01-0.50,tier_1,1,0.51,0.01
FS,tier_3,SafetiesCatchAllowMinusPDPerGame,0.51-1.00,tier_2,0,1.01,0.51
FS,tier_3,SafetiesCatchAllowMinusPDPerGame,1.01-1.50,tier_3,0,1.51,1.01
FS,tier_3,SafetiesCatchAllowMinusPDPerGame,1.51-2.00,tier_4,-2,2.01,1.51
FS,tier_3,SafetiesCatchAllowMinusPDPerGame,2.01-20.00,tier_5,-4,20.01,2.01
FS,tier_4,TotalTurnovers,6-20,tier_0,6,21,6
FS,tier_4,TotalTurnovers,4-5,tier_1,5,6,4
FS,tier_4,TotalTurnovers,3,tier_2,3,3,3
FS,tier_4,TotalTurnovers,2,tier_3,1,2,2
FS,tier_4,TotalTurnovers,1,tier_4,0,1,1
FS,tier_4,TotalTurnovers,0,tier_5,-1,0,0
FS,tier_4,TacklesPerGame,5.50-15.00,tier_0,5,15.01,5.50
FS,tier_4,TacklesPerGame,5.00-5.49,tier_1,4,5.5,5.00
FS,tier_4,TacklesPerGame,4.00-4.99,tier_2,2,5.0,4.00
FS,tier_4,TacklesPerGame,3.00-3.99,tier_3,1,4.0,3.00
FS,tier_4,TacklesPerGame,2.00-2.99,tier_4,-1,3.0,2.00
FS,tier_4,TacklesPerGame,0.00-1.99,tier_5,-3,2.0,0.00
FS,tier_4,SafetiesCatchAllowMinusPDPerGame,-20>0,tier_0,2,1.0,-20
FS,tier_4,SafetiesCatchAllowMinusPDPerGame,0.01-0.50,tier_1,1,0.51,0.01
FS,tier_4,SafetiesCatchAllowMinusPDPerGame,0.51-1.00,tier_2,0,1.01,0.51
FS,tier_4,SafetiesCatchAllowMinusPDPerGame,1.01-1.50,tier_3,0,1.51,1.01
FS,tier_4,SafetiesCatchAllowMinusPDPerGame,1.51-2.00,tier_4,-1,2.01,1.51
FS,tier_4,SafetiesCatchAllowMinusPDPerGame,2.01-20.00,tier_5,-3,20.01,2.01
FS,tier_5,TotalTurnovers,6-20,tier_0,8,21,6
FS,tier_5,TotalTurnovers,4-5,tier_1,6,6,4
FS,tier_5,TotalTurnovers,3,tier_2,3,3,3
FS,tier_5,TotalTurnovers,2,tier_3,1,2,2
FS,tier_5,TotalTurnovers,1,tier_4,0,1,1
FS,tier_5,TotalTurnovers,0,tier_5,-1,0,0
FS,tier_5,TacklesPerGame,5.50-15.00,tier_0,7,15.01,5.50
FS,tier_5,TacklesPerGame,5.00-5.49,tier_1,6,5.5,5.00
FS,tier_5,TacklesPerGame,4.00-4.99,tier_2,4,5.0,4.00
FS,tier_5,TacklesPerGame,3.00-3.99,tier_3,2,4.0,3.00
FS,tier_5,TacklesPerGame,2.00-2.99,tier_4,0,3.0,2.00
FS,tier_5,TacklesPerGame,0.00-1.99,tier_5,-2,2.0,0.00
FS,tier_5,SafetiesCatchAllowMinusPDPerGame,-20>0,tier_0,3,1.0,-20
FS,tier_5,SafetiesCatchAllowMinusPDPerGame,0.01-0.50,tier_1,2,0.51,0.01
FS,tier_5,SafetiesCatchAllowMinusPDPerGame,0.51-1.00,tier_2,1,1.01,0.51
FS,tier_5,SafetiesCatchAllowMinusPDPerGame,1.01-1.50,tier_3,0,1.51,1.01
FS,tier_5,SafetiesCatchAllowMinusPDPerGame,1.51-2.00,tier_4,-1,2.01,1.51
FS,tier_5,SafetiesCatchAllowMinusPDPerGame,2.01-20.00,tier_5,-2,20.01,2.01
FS,tier_6,TotalTurnovers,6-20,tier_0,10,21,6
FS,tier_6,TotalTurnovers,4-5,tier_1,7,6,4
FS,tier_6,TotalTurnovers,3,tier_2,4,3,3
FS,tier_6,TotalTurnovers,2,tier_3,2,2,2
FS,tier_6,TotalTurnovers,1,tier_4,1,1,1
FS,tier_6,TotalTurnovers,0,tier_5,0,0,0
FS,tier_6,TacklesPerGame,5.50-15.00,tier_0,8,15.01,5.50
FS,tier_6,TacklesPerGame,5.00-5.49,tier_1,7,5.5,5.00
FS,tier_6,TacklesPerGame,4.00-4.99,tier_2,5,5.0,4.00
FS,tier_6,TacklesPerGame,3.00-3.99,tier_3,3,4.0,3.00
FS,tier_6,TacklesPerGame,2.00-2.99,tier_4,1,3.0,2.00
FS,tier_6,TacklesPerGame,0.00-1.99,tier_5,-1,2.0,0.00
FS,tier_6,SafetiesCatchAllowMinusPDPerGame,-20>0,tier_0,4,1.0,-20
FS,tier_6,SafetiesCatchAllowMinusPDPerGame,0.01-0.50,tier_1,2,0.51,0.01
FS,tier_6,SafetiesCatchAllowMinusPDPerGame,0.51-1.00,tier_2,1,1.01,0.51
FS,tier_6,SafetiesCatchAllowMinusPDPerGame,1.01-1.50,tier_3,0,1.51,1.01
FS,tier_6,SafetiesCatchAllowMinusPDPerGame,1.51-2.00,tier_4,0,2.01,1.51
FS,tier_6,SafetiesCatchAllowMinusPDPerGame,2.01-20.00,tier_5,-1,20.01,2.01
SS,tier_0,TotalTurnovers,6-20,tier_0,1,21,6
SS,tier_0,TotalTurnovers,4-5,tier_1,0,6,4
SS,tier_0,TotalTurnovers,3,tier_2,0,3,3
SS,tier_0,TotalTurnovers,2,tier_3,-1,2,2
SS,tier_0,TotalTurnovers,1,tier_4,-3,1,1
SS,tier_0,TotalTurnovers,0,tier_5,-5,0,0
SS,tier_0,TacklesPerGame,6.00-15.00,tier_0,1,15.01,6.00
SS,tier_0,TacklesPerGame,5.50-5.99,tier_1,-1,6.0,5.50
SS,tier_0,TacklesPerGame,4.00-5.49,tier_2,-2,5.5,4.00
SS,tier_0,TacklesPerGame,3.00-3.99,tier_3,-4,4.0,3.00
SS,tier_0,TacklesPerGame,2.00-2.99,tier_4,-6,3.0,2.00
SS,tier_0,TacklesPerGame,0.00-1.99,tier_5,-8,2.0,0.00
SS,tier_0,SafetiesCatchAllowMinusPDPerGame,-20>0,tier_0,1,1.0,-20
SS,tier_0,SafetiesCatchAllowMinusPDPerGame,0.01-0.50,tier_1,0,0.51,0.01
SS,tier_0,SafetiesCatchAllowMinusPDPerGame,0.51-1.00,tier_2,0,1.01,0.51
SS,tier_0,SafetiesCatchAllowMinusPDPerGame,1.01-1.50,tier_3,-1,1.51,1.01
SS,tier_0,SafetiesCatchAllowMinusPDPerGame,1.51-2.00,tier_4,-3,2.01,1.51
SS,tier_0,SafetiesCatchAllowMinusPDPerGame,2.01-20.00,tier_5,-5,20.01,2.01
SS,tier_1,TotalTurnovers,6-20,tier_0,3,21,6
SS,tier_1,TotalTurnovers,4-5,tier_1,1,6,4
SS,tier_1,TotalTurnovers,3,tier_2,0,3,3
SS,tier_1,TotalTurnovers,2,tier_3,-1,2,2
SS,tier_1,TotalTurnovers,1,tier_4,-2,1,1
SS,tier_1,TotalTurnovers,0,tier_5,-4,0,0
SS,tier_1,TacklesPerGame,6.00-15.00,tier_0,2,15.01,6.00
SS,tier_1,TacklesPerGame,5.50-5.99,tier_1,0,6.0,5.50
SS,tier_1,TacklesPerGame,4.00-5.49,tier_2,-1,5.5,4.00
SS,tier_1,TacklesPerGame,3.00-3.99,tier_3,-3,4.0,3.00
SS,tier_1,TacklesPerGame,2.00-2.99,tier_4,-5,3.0,2.00
SS,tier_1,TacklesPerGame,0.00-1.99,tier_5,-7,2.0,0.00
SS,tier_1,SafetiesCatchAllowMinusPDPerGame,-20>0,tier_0,2,1.0,-20
SS,tier_1,SafetiesCatchAllowMinusPDPerGame,0.01-0.50,tier_1,0,0.51,0.01
SS,tier_1,SafetiesCatchAllowMinusPDPerGame,0.51-1.00,tier_2,0,1.01,0.51
SS,tier_1,SafetiesCatchAllowMinusPDPerGame,1.01-1.50,tier_3,0,1.51,1.01
SS,tier_1,SafetiesCatchAllowMinusPDPerGame,1.51-2.00,tier_4,-2,2.01,1.51
SS,tier_1,SafetiesCatchAllowMinusPDPerGame,2.01-20.00,tier_5,-4,20.01,2.01
SS,tier_2,TotalTurnovers,6-20,tier_0,4,21,6
SS,tier_2,TotalTurnovers,4-5,tier_1,2,6,4
SS,tier_2,TotalTurnovers,3,tier_2,1,3,3
SS,tier_2,TotalTurnovers,2,tier_3,0,2,2
SS,tier_2,TotalTurnovers,1,tier_4,-1,1,1
SS,tier_2,TotalTurnovers,0,tier_5,-3,0,0
SS,tier_2,TacklesPerGame,6.00-15.00,tier_0,3,15.01,6.00
SS,tier_2,TacklesPerGame,5.50-5.99,tier_1,2,6.0,5.50
SS,tier_2,TacklesPerGame,4.00-5.49,tier_2,0,5.5,4.00
SS,tier_2,TacklesPerGame,3.00-3.99,tier_3,-1,4.0,3.00
SS,tier_2,TacklesPerGame,2.00-2.99,tier_4,-3,3.0,2.00
SS,tier_2,TacklesPerGame,0.00-1.99,tier_5,-5,2.0,0.00
SS,tier_2,SafetiesCatchAllowMinusPDPerGame,-20>0,tier_0,3,1.0,-20
SS,tier_2,SafetiesCatchAllowMinusPDPerGame,0.01-0.50,tier_1,1,0.51,0.01
SS,tier_2,SafetiesCatchAllowMinusPDPerGame,0.51-1.00,tier_2,0,1.01,0.51
SS,tier_2,SafetiesCatchAllowMinusPDPerGame,1.01-1.50,tier_3,0,1.51,1.01
SS,tier_2,SafetiesCatchAllowMinusPDPerGame,1.51-2.00,tier_4,-1,2.01,1.51
SS,tier_2,SafetiesCatchAllowMinusPDPerGame,2.01-20.00,tier_5,-3,20.01,2.01
SS,tier_3,TotalTurnovers,6-20,tier_0,5,21,6
SS,tier_3,TotalTurnovers,4-5,tier_1,3,6,4
SS,tier_3,TotalTurnovers,3,tier_2,2,3,3
SS,tier_3,TotalTurnovers,2,tier_3,1,2,2
SS,tier_3,TotalTurnovers,1,tier_4,0,1,1
SS,tier_3,TotalTurnovers,0,tier_5,-2,0,0
SS,tier_3,TacklesPerGame,6.00-15.00,tier_0,4,15.01,6.00
SS,tier_3,TacklesPerGame,5.50-5.99,tier_1,3,6.0,5.50
SS,tier_3,TacklesPerGame,4.00-5.49,tier_2,1,5.5,4.00
SS,tier_3,TacklesPerGame,3.00-3.99,tier_3,0,4.0,3.00
SS,tier_3,TacklesPerGame,2.00-2.99,tier_4,-2,3.0,2.00
SS,tier_3,TacklesPerGame,0.00-1.99,tier_5,-4,2.0,0.00
SS,tier_3,SafetiesCatchAllowMinusPDPerGame,-20>0,tier_0,3,1.0,-20
SS,tier_3,SafetiesCatchAllowMinusPDPerGame,0.01-0.50,tier_1,2,0.51,0.01
SS,tier_3,SafetiesCatchAllowMinusPDPerGame,0.51-1.00,tier_2,0,1.01,0.51
SS,tier_3,SafetiesCatchAllowMinusPDPerGame,1.01-1.50,tier_3,0,1.51,1.01
SS,tier_3,SafetiesCatchAllowMinusPDPerGame,1.51-2.00,tier_4,-1,2.01,1.51
SS,tier_3,SafetiesCatchAllowMinusPDPerGame,2.01-20.00,tier_5,-2,20.01,2.01
SS,tier_4,TotalTurnovers,6-20,tier_0,6,21,6
SS,tier_4,TotalTurnovers,4-5,tier_1,4,6,4
SS,tier_4,TotalTurnovers,3,tier_2,2,3,3
SS,tier_4,TotalTurnovers,2,tier_3,1,2,2
SS,tier_4,TotalTurnovers,1,tier_4,0,1,1
SS,tier_4,TotalTurnovers,0,tier_5,-1,0,0
SS,tier_4,TacklesPerGame,6.00-15.00,tier_0,5,15.01,6.00
SS,tier_4,TacklesPerGame,5.50-5.99,tier_1,4,6.0,5.50
SS,tier_4,TacklesPerGame,4.00-5.49,tier_2,2,5.5,4.00
SS,tier_4,TacklesPerGame,3.00-3.99,tier_3,0,4.0,3.00
SS,tier_4,TacklesPerGame,2.00-2.99,tier_4,-1,3.0,2.00
SS,tier_4,TacklesPerGame,0.00-1.99,tier_5,-3,2.0,0.00
SS,tier_4,SafetiesCatchAllowMinusPDPerGame,-20>0,tier_0,3,1.0,-20
SS,tier_4,SafetiesCatchAllowMinusPDPerGame,0.01-0.50,tier_1,2,0.51,0.01
SS,tier_4,SafetiesCatchAllowMinusPDPerGame,0.51-1.00,tier_2,0,1.01,0.51
SS,tier_4,SafetiesCatchAllowMinusPDPerGame,1.01-1.50,tier_3,0,1.51,1.01
SS,tier_4,SafetiesCatchAllowMinusPDPerGame,1.51-2.00,tier_4,-1,2.01,1.51
SS,tier_4,SafetiesCatchAllowMinusPDPerGame,2.01-20.00,tier_5,-2,20.01,2.01
SS,tier_5,TotalTurnovers,6-20,tier_0,8,21,6
SS,tier_5,TotalTurnovers,4-5,tier_1,5,6,4
SS,tier_5,TotalTurnovers,3,tier_2,3,3,3
SS,tier_5,TotalTurnovers,2,tier_3,1,2,2
SS,tier_5,TotalTurnovers,1,tier_4,0,1,1
SS,tier_5,TotalTurnovers,0,tier_5,-1,0,0
SS,tier_5,TacklesPerGame,6.00-15.00,tier_0,7,15.01,6.00
SS,tier_5,TacklesPerGame,5.50-5.99,tier_1,4,6.0,5.50
SS,tier_5,TacklesPerGame,4.00-5.49,tier_2,2,5.5,4.00
SS,tier_5,TacklesPerGame,3.00-3.99,tier_3,1,4.0,3.00
SS,tier_5,TacklesPerGame,2.00-2.99,tier_4,0,3.0,2.00
SS,tier_5,TacklesPerGame,0.00-1.99,tier_5,-2,2.0,0.00
SS,tier_5,SafetiesCatchAllowMinusPDPerGame,-20>0,tier_0,4,1.0,-20
SS,tier_5,SafetiesCatchAllowMinusPDPerGame,0.01-0.50,tier_1,2,0.51,0.01
SS,tier_5,SafetiesCatchAllowMinusPDPerGame,0.51-1.00,tier_2,0,1.01,0.51
SS,tier_5,SafetiesCatchAllowMinusPDPerGame,1.01-1.50,tier_3,0,1.51,1.01
SS,tier_5,SafetiesCatchAllowMinusPDPerGame,1.51-2.00,tier_4,0,2.01,1.51
SS,tier_5,SafetiesCatchAllowMinusPDPerGame,2.01-20.00,tier_5,-2,20.01,2.01
SS,tier_6,TotalTurnovers,6-20,tier_0,10,21,6
SS,tier_6,TotalTurnovers,4-5,tier_1,7,6,4
SS,tier_6,TotalTurnovers,3,tier_2,5,3,3
SS,tier_6,TotalTurnovers,2,tier_3,2,2,2
SS,tier_6,TotalTurnovers,1,tier_4,1,1,1
SS,tier_6,TotalTurnovers,0,tier_5,0,0,0
SS,tier_6,TacklesPerGame,6.00-15.00,tier_0,8,15.01,6.00
SS,tier_6,TacklesPerGame,5.50-5.99,tier_1,7,6.0,5.50
SS,tier_6,TacklesPerGame,4.00-5.49,tier_2,5,5.5,4.00
SS,tier_6,TacklesPerGame,3.00-3.99,tier_3,3,4.0,3.00
SS,tier_6,TacklesPerGame,2.00-2.99,tier_4,1,3.0,2.00
SS,tier_6,TacklesPerGame,0.00-1.99,tier_5,-1,2.0,0.00
SS,tier_6,SafetiesCatchAllowMinusPDPerGame,-20>0,tier_0,5,1.0,-20
SS,tier_6,SafetiesCatchAllowMinusPDPerGame,0.01-0.50,tier_1,3,0.51,0.01
SS,tier_6,SafetiesCatchAllowMinusPDPerGame,0.51-1.00,tier_2,0,1.01,0.51
SS,tier_6,SafetiesCatchAllowMinusPDPerGame,1.01-1.50,tier_3,0,1.51,1.01
SS,tier_6,SafetiesCatchAllowMinusPDPerGame,1.51-2.00,tier_4,0,2.01,1.51
SS,tier_6,SafetiesCatchAllowMinusPDPerGame,2.01-20.00,tier_5,-1,20.01,2.01
K,tier_0,FGPercentage,0.90-1.00,tier_0,1,1.01,0.90
K,tier_0,FGPercentage,0.85-0.89,tier_1,0,0.9,0.85
K,tier_0,FGPercentage,0.80-0.84,tier_2,-1,0.85,0.80
K,tier_0,FGPercentage,0.75-0.79,tier_3,-3,0.8,0.75
K,tier_0,FGPercentage,0.70-0.74,tier_4,-5,0.75,0.70
K,tier_0,FGPercentage,0.00-0.69,tier_5,-7,0.7,0.00
K,tier_0,EPPercentage,1,tier_0,1,1,1
K,tier_0,EPPercentage,0.97-0.99,tier_1,0,1.0,0.97
K,tier_0,EPPercentage,0.93-0.96,tier_2,-1,0.97,0.93
K,tier_0,EPPercentage,0.90-0.92,tier_3,-3,0.93,0.90
K,tier_0,EPPercentage,0.87-0.89,tier_4,-5,0.9,0.87
K,tier_0,EPPercentage,0.00-0.86,tier_5,-7,0.87,0.00
K,tier_0,Over40YardPercentage,0.85-1.00,tier_0,1,1.01,0.85
K,tier_0,Over40YardPercentage,0.80-0.84,tier_1,0,0.85,0.80
K,tier_0,Over40YardPercentage,0.75-0.79,tier_2,-1,0.8,0.75
K,tier_0,Over40YardPercentage,0.70-0.74,tier_3,-3,0.75,0.70
K,tier_0,Over40YardPercentage,0.65-0.69,tier_4,-5,0.7,0.65
K,tier_0,Over40YardPercentage,0.00-0.64,tier_5,-7,0.65,0.00
K,tier_1,FGPercentage,0.90-1.00,tier_0,1,1.01,0.90
K,tier_1,FGPercentage,0.85-0.89,tier_1,0,0.9,0.85
K,tier_1,FGPercentage,0.80-0.84,tier_2,-1,0.85,0.80
K,tier_1,FGPercentage,0.75-0.79,tier_3,-3,0.8,0.75
K,tier_1,FGPercentage,0.70-0.74,tier_4,-5,0.75,0.70
K,tier_1,FGPercentage,0.00-0.69,tier_5,-7,0.7,0.00
K,tier_1,EPPercentage,1,tier_0,1,1,1
K,tier_1,EPPercentage,0.97-0.99,tier_1,0,1.0,0.97
K,tier_1,EPPercentage,0.93-0.96,tier_2,-1,0.97,0.93
K,tier_1,EPPercentage,0.90-0.92,tier_3,-3,0.93,0.90
K,tier_1,EPPercentage,0.87-0.89,tier_4,-5,0.9,0.87
K,tier_1,EPPercentage,0.00-0.86,tier_5,-7,0.87,0.00
K,tier_1,Over40YardPercentage,0.85-1.00,tier_0,1,1.01,0.85
K,tier_1,Over40YardPercentage,0.80-0.84,tier_1,0,0.85,0.80
K,tier_1,Over40YardPercentage,0.75-0.79,tier_2,-1,0.8,0.75
K,tier_1,Over40YardPercentage,0.70-0.74,tier_3,-3,0.75,0.70
K,tier_1,Over40YardPercentage,0.65-0.69,tier_4,-5,0.7,0.65
K,tier_1,Over40YardPercentage,0.00-0.64,tier_5,-7,0.65,0.00
K,tier_2,FGPercentage,0.90-1.00,tier_0,1,1.01,0.90
K,tier_2,FGPercentage,0.85-0.89,tier_1,0,0.9,0.85
K,tier_2,FGPercentage,0.80-0.84,tier_2,-1,0.85,0.80
K,tier_2,FGPercentage,0.75-0.79,tier_3,-3,0.8,0.75
K,tier_2,FGPercentage,0.70-0.74,tier_4,-5,0.75,0.70
K,tier_2,FGPercentage,0.00-0.69,tier_5,-7,0.7,0.00
K,tier_2,EPPercentage,1,tier_0,1,1,1
K,tier_2,EPPercentage,0.97-0.99,tier_1,0,1.0,0.97
K,tier_2,EPPercentage,0.93-0.96,tier_2,-1,0.97,0.93
K,tier_2,EPPercentage,0.90-0.92,tier_3,-3,0.93,0.90
K,tier_2,EPPercentage,0.87-0.89,tier_4,-5,0.9,0.87
K,tier_2,EPPercentage,0.00-0.86,tier_5,-7,0.87,0.00
K,tier_2,Over40YardPercentage,0.85-1.00,tier_0,1,1.01,0.85
K,tier_2,Over40YardPercentage,0.80-0.84,tier_1,0,0.85,0.80
K,tier_2,Over40YardPercentage,0.75-0.79,tier_2,-1,0.8,0.75
K,tier_2,Over40YardPercentage,0.70-0.74,tier_3,-3,0.75,0.70
K,tier_2,Over40YardPercentage,0.65-0.69,tier_4,-5,0.7,0.65
K,tier_2,Over40YardPercentage,0.00-0.64,tier_5,-7,0.65,0.00
K,tier_3,FGPercentage,0.90-1.00,tier_0,1,1.01,0.90
K,tier_3,FGPercentage,0.85-0.89,tier_1,0,0.9,0.85
K,tier_3,FGPercentage,0.80-0.84,tier_2,-1,0.85,0.80
K,tier_3,FGPercentage,0.75-0.79,tier_3,-3,0.8,0.75
K,tier_3,FGPercentage,0.70-0.74,tier_4,-5,0.75,0.70
K,tier_3,FGPercentage,0.00-0.69,tier_5,-7,0.7,0.00
K,tier_3,EPPercentage,1,tier_0,1,1,1
K,tier_3,EPPercentage,0.97-0.99,tier_1,0,1.0,0.97
K,tier_3,EPPercentage,0.93-0.96,tier_2,-1,0.97,0.93
K,tier_3,EPPercentage,0.90-0.92,tier_3,-3,0.93,0.90
K,tier_3,EPPercentage,0.87-0.89,tier_4,-5,0.9,0.87
K,tier_3,EPPercentage,0.00-0.86,tier_5,-7,0.87,0.00
K,tier_3,Over40YardPercentage,0.85-1.00,tier_0,1,1.01,0.85
K,tier_3,Over40YardPercentage,0.80-0.84,tier_1,0,0.85,0.80
K,tier_3,Over40YardPercentage,0.75-0.79,tier_2,-1,0.8,0.75
K,tier_3,Over40YardPercentage,0.70-0.74,tier_3,-3,0.75,0.70
K,tier_3,Over40YardPercentage,0.65-0.69,tier_4,-5,0.7,0.65
K,tier_3,Over40YardPercentage,0.00-0.64,tier_5,-7,0.65,0.00
K,tier_4,FGPercentage,0.90-1.00,tier_0,2,1.01,0.90
K,tier_4,FGPercentage,0.85-0.89,tier_1,1,0.9,0.85
K,tier_4,FGPercentage,0.80-0.84,tier_2,0,0.85,0.80
K,tier_4,FGPercentage,0.75-0.79,tier_3,-2,0.8,0.75
K,tier_4,FGPercentage,0.70-0.74,tier_4,-4,0.75,0.70
K,tier_4,FGPercentage,0.00-0.69,tier_5,-6,0.7,0.00
K,tier_4,EPPercentage,1,tier_0,2,1,1
K,tier_4,EPPercentage,0.97-0.99,tier_1,1,1.0,0.97
K,tier_4,EPPercentage,0.93-0.96,tier_2,0,0.97,0.93
K,tier_4,EPPercentage,0.90-0.92,tier_3,-2,0.93,0.90
K,tier_4,EPPercentage,0.87-0.89,tier_4,-4,0.9,0.87
K,tier_4,EPPercentage,0.00-0.86,tier_5,-6,0.87,0.00
K,tier_4,Over40YardPercentage,0.85-1.00,tier_0,2,1.01,0.85
K,tier_4,Over40YardPercentage,0.80-0.84,tier_1,1,0.85,0.80
K,tier_4,Over40YardPercentage,0.75-0.79,tier_2,0,0.8,0.75
K,tier_4,Over40YardPercentage,0.70-0.74,tier_3,-2,0.75,0.70
K,tier_4,Over40YardPercentage,0.65-0.69,tier_4,-4,0.7,0.65
K,tier_4,Over40YardPercentage,0.00-0.64,tier_5,-6,0.65,0.00
K,tier_5,FGPercentage,0.90-1.00,tier_0,3,1.01,0.90
K,tier_5,FGPercentage,0.85-0.89,tier_1,2,0.9,0.85
K,tier_5,FGPercentage,0.80-0.84,tier_2,1,0.85,0.80
K,tier_5,FGPercentage,0.75-0.79,tier_3,-1,0.8,0.75
K,tier_5,FGPercentage,0.70-0.74,tier_4,-3,0.75,0.70
K,tier_5,FGPercentage,0.00-0.69,tier_5,-5,0.7,0.00
K,tier_5,EPPercentage,1,tier_0,3,1,1
K,tier_5,EPPercentage,0.97-0.99,tier_1,2,1.0,0.97
K,tier_5,EPPercentage,0.93-0.96,tier_2,1,0.97,0.93
K,tier_5,EPPercentage,0.90-0.92,tier_3,-1,0.93,0.90
K,tier_5,EPPercentage,0.87-0.89,tier_4,-3,0.9,0.87
K,tier_5,EPPercentage,0.00-0.86,tier_5,-5,0.87,0.00
K,tier_5,Over40YardPercentage,0.85-1.00,tier_0,3,1.01,0.85
K,tier_5,Over40YardPercentage,0.80-0.84,tier_1,2,0.85,0.80
K,tier_5,Over40YardPercentage,0.75-0.79,tier_2,1,0.8,0.75
K,tier_5,Over40YardPercentage,0.70-0.74,tier_3,-1,0.75,0.70
K,tier_5,Over40YardPercentage,0.65-0.69,tier_4,-3,0.7,0.65
K,tier_5,Over40YardPercentage,0.00-0.64,tier_5,-5,0.65,0.00
K,tier_6,FGPercentage,0.90-1.00,tier_0,4,1.01,0.90
K,tier_6,FGPercentage,0.85-0.89,tier_1,3,0.9,0.85
K,tier_6,FGPercentage,0.80-0.84,tier_2,2,0.85,0.80
K,tier_6,FGPercentage,0.75-0.79,tier_3,0,0.8,0.75
K,tier_6,FGPercentage,0.70-0.74,tier_4,-2,0.75,0.70
K,tier_6,FGPercentage,0.00-0.69,tier_5,-4,0.7,0.00
K,tier_6,EPPercentage,1,tier_0,4,1,1
K,tier_6,EPPercentage,0.97-0.99,tier_1,3,1.0,0.97
K,tier_6,EPPercentage,0.93-0.96,tier_2,2,0.97,0.93
K,tier_6,EPPercentage,0.90-0.92,tier_3,0,0.93,0.90
K,tier_6,EPPercentage,0.87-0.89,tier_4,-2,0.9,0.87
K,tier_6,EPPercentage,0.00-0.86,tier_5,-4,0.87,0.00
K,tier_6,Over40YardPercentage,0.85-1.00,tier_0,4,1.01,0.85
K,tier_6,Over40YardPercentage,0.80-0.84,tier_1,3,0.85,0.80
K,tier_6,Over40YardPercentage,0.75-0.79,tier_2,2,0.8,0.75
K,tier_6,Over40YardPercentage,0.70-0.74,tier_3,0,0.75,0.70
K,tier_6,Over40YardPercentage,0.65-0.69,tier_4,-2,0.7,0.65
K,tier_6,Over40YardPercentage,0.00-0.64,tier_5,-4,0.65,0.00
P,tier_0,PuntTBPerIn20,0.00,tier_0,1,0.00,0.00
P,tier_0,PuntTBPerIn20,0.01-0.10,tier_1,0,0.11,0.01
P,tier_0,PuntTBPerIn20,0.11-0.15,tier_2,-1,0.16,0.11
P,tier_0,PuntTBPerIn20,0.16-0.20,tier_3,-3,0.21,0.16
P,tier_0,PuntTBPerIn20,0.21-0.25,tier_4,-5,0.26,0.21
P,tier_0,PuntTBPerIn20,0.25-10.00,tier_5,-7,10.01,0.25
P,tier_0,YardsPerPunt,48.00-75.00,tier_0,1,75.01,48.00
P,tier_0,YardsPerPunt,46.00-47.99,tier_1,0,48.0,46.00
P,tier_0,YardsPerPunt,44.00-45.99,tier_2,-1,46.0,44.00
P,tier_0,YardsPerPunt,42.00-43.99,tier_3,-3,44.0,42.00
P,tier_0,YardsPerPunt,41.00-41.99,tier_4,-5,42.0,41.00
P,tier_0,YardsPerPunt,0.00-40.99,tier_5,-7,41.0,0.00
P,tier_0,NetYardsToPuntYards,0.97-2.00,tier_0,1,2.01,0.97
P,tier_0,NetYardsToPuntYards,0.95-0.96,tier_1,0,0.97,0.95
P,tier_0,NetYardsToPuntYards,0.93-0.94,tier_2,-1,0.95,0.93
P,tier_0,NetYardsToPuntYards,0.90-0.92,tier_3,-2,0.93,0.90
P,tier_0,NetYardsToPuntYards,0.87-0.89,tier_4,-3,0.9,0.87
P,tier_0,NetYardsToPuntYards,0.00-0.86,tier_5,-4,0.87,0.00
P,tier_1,PuntTBPerIn20,0.00,tier_0,1,0.00,0.00
P,tier_1,PuntTBPerIn20,0.01-0.10,tier_1,0,0.11,0.01
P,tier_1,PuntTBPerIn20,0.11-0.15,tier_2,-1,0.16,0.11
P,tier_1,PuntTBPerIn20,0.16-0.20,tier_3,-3,0.21,0.16
P,tier_1,PuntTBPerIn20,0.21-0.25,tier_4,-5,0.26,0.21
P,tier_1,PuntTBPerIn20,0.25-10.00,tier_5,-7,10.01,0.25
P,tier_1,YardsPerPunt,48.00-75.00,tier_0,1,75.01,48.00
P,tier_1,YardsPerPunt,46.00-47.99,tier_1,0,48.0,46.00
P,tier_1,YardsPerPunt,44.00-45.99,tier_2,-1,46.0,44.00
P,tier_1,YardsPerPunt,42.00-43.99,tier_3,-3,44.0,42.00
P,tier_1,YardsPerPunt,41.00-41.99,tier_4,-5,42.0,41.00
P,tier_1,YardsPerPunt,0.00-40.99,tier_5,-7,41.0,0.00
P,tier_1,NetYardsToPuntYards,0.97-2.00,tier_0,1,2.01,0.97
P,tier_1,NetYardsToPuntYards,0.95-0.96,tier_1,0,0.97,0.95
P,tier_1,NetYardsToPuntYards,0.93-0.94,tier_2,-1,0.95,0.93
P,tier_1,NetYardsToPuntYards,0.90-0.92,tier_3,-2,0.93,0.90
P,tier_1,NetYardsToPuntYards,0.87-0.89,tier_4,-3,0.9,0.87
P,tier_1,NetYardsToPuntYards,0.00-0.86,tier_5,-4,0.87,0.00
P,tier_2,PuntTBPerIn20,0.00,tier_0,1,0.00,0.00
P,tier_2,PuntTBPerIn20,0.01-0.10,tier_1,0,0.11,0.01
P,tier_2,PuntTBPerIn20,0.11-0.15,tier_2,-1,0.16,0.11
P,tier_2,PuntTBPerIn20,0.16-0.20,tier_3,-3,0.21,0.16
P,tier_2,PuntTBPerIn20,0.21-0.25,tier_4,-5,0.26,0.21
P,tier_2,PuntTBPerIn20,0.25-10.00,tier_5,-7,10.01,0.25
P,tier_2,YardsPerPunt,48.00-75.00,tier_0,1,75.01,48.00
P,tier_2,YardsPerPunt,46.00-47.99,tier_1,0,48.0,46.00
P,tier_2,YardsPerPunt,44.00-45.99,tier_2,-1,46.0,44.00
P,tier_2,YardsPerPunt,42.00-43.99,tier_3,-3,44.0,42.00
P,tier_2,YardsPerPunt,41.00-41.99,tier_4,-5,42.0,41.00
P,tier_2,YardsPerPunt,0.00-40.99,tier_5,-7,41.0,0.00
P,tier_2,NetYardsToPuntYards,0.97-2.00,tier_0,1,2.01,0.97
P,tier_2,NetYardsToPuntYards,0.95-0.96,tier_1,0,0.97,0.95
P,tier_2,NetYardsToPuntYards,0.93-0.94,tier_2,-1,0.95,0.93
P,tier_2,NetYardsToPuntYards,0.90-0.92,tier_3,-2,0.93,0.90
P,tier_2,NetYardsToPuntYards,0.87-0.89,tier_4,-3,0.9,0.87
P,tier_2,NetYardsToPuntYards,0.00-0.86,tier_5,-4,0.87,0.00
P,tier_3,PuntTBPerIn20,0.00,tier_0,1,0.00,0.00
P,tier_3,PuntTBPerIn20,0.01-0.10,tier_1,0,0.11,0.01
P,tier_3,PuntTBPerIn20,0.11-0.15,tier_2,-1,0.16,0.11
P,tier_3,PuntTBPerIn20,0.16-0.20,tier_3,-3,0.21,0.16
P,tier_3,PuntTBPerIn20,0.21-0.25,tier_4,-5,0.26,0.21
P,tier_3,PuntTBPerIn20,0.25-10.00,tier_5,-7,10.01,0.25
P,tier_3,YardsPerPunt,48.00-75.00,tier_0,1,75.01,48.00
P,tier_3,YardsPerPunt,46.00-47.99,tier_1,0,48.0,46.00
P,tier_3,YardsPerPunt,44.00-45.99,tier_2,-1,46.0,44.00
P,tier_3,YardsPerPunt,42.00-43.99,tier_3,-3,44.0,42.00
P,tier_3,YardsPerPunt,41.00-41.99,tier_4,-5,42.0,41.00
P,tier_3,YardsPerPunt,0.00-40.99,tier_5,-7,41.0,0.00
P,tier_3,NetYardsToPuntYards,0.97-2.00,tier_0,1,2.01,0.97
P,tier_3,NetYardsToPuntYards,0.95-0.96,tier_1,0,0.97,0.95
P,tier_3,NetYardsToPuntYards,0.93-0.94,tier_2,-1,0.95,0.93
P,tier_3,NetYardsToPuntYards,0.90-0.92,tier_3,-2,0.93,0.90
P,tier_3,NetYardsToPuntYards,0.87-0.89,tier_4,-3,0.9,0.87
P,tier_3,NetYardsToPuntYards,0.00-0.86,tier_5,-4,0.87,0.00
P,tier_4,PuntTBPerIn20,0.00,tier_0,2,0.00,0.00
P,tier_4,PuntTBPerIn20,0.01-0.10,tier_1,1,0.11,0.01
P,tier_4,PuntTBPerIn20,0.11-0.15,tier_2,0,0.16,0.11
P,tier_4,PuntTBPerIn20,0.16-0.20,tier_3,-2,0.21,0.16
P,tier_4,PuntTBPerIn20,0.21-0.25,tier_4,-4,0.26,0.21
P,tier_4,PuntTBPerIn20,0.25-10.00,tier_5,-6,10.01,0.25
P,tier_4,YardsPerPunt,48.00-75.00,tier_0,2,75.01,48.00
P,tier_4,YardsPerPunt,46.00-47.99,tier_1,1,48.0,46.00
P,tier_4,YardsPerPunt,44.00-45.99,tier_2,0,46.0,44.00
P,tier_4,YardsPerPunt,42.00-43.99,tier_3,-2,44.0,42.00
P,tier_4,YardsPerPunt,41.00-41.99,tier_4,-4,42.0,41.00
P,tier_4,YardsPerPunt,0.00-40.99,tier_5,-6,41.0,0.00
P,tier_4,NetYardsToPuntYards,0.97-2.00,tier_0,2,2.01,0.97
P,tier_4,NetYardsToPuntYards,0.95-0.96,tier_1,1,0.97,0.95
P,tier_4,NetYardsToPuntYards,0.93-0.94,tier_2,0,0.95,0.93
P,tier_4,NetYardsToPuntYards,0.90-0.92,tier_3,-1,0.93,0.90
P,tier_4,NetYardsToPuntYards,0.87-0.89,tier_4,-2,0.9,0.87
P,tier_4,NetYardsToPuntYards,0.00-0.86,tier_5,-3,0.87,0.00
P,tier_5,PuntTBPerIn20,0.00,tier_0,3,0.00,0.00
P,tier_5,PuntTBPerIn20,0.01-0.10,tier_1,2,0.11,0.01
P,tier_5,PuntTBPerIn20,0.11-0.15,tier_2,1,0.16,0.11
P,tier_5,PuntTBPerIn20,0.16-0.20,tier_3,-1,0.21,0.16
P,tier_5,PuntTBPerIn20,0.21-0.25,tier_4,-3,0.26,0.21
P,tier_5,PuntTBPerIn20,0.25-10.00,tier_5,-5,10.01,0.25
P,tier_5,YardsPerPunt,48.00-75.00,tier_0,3,75.01,48.00
P,tier_5,YardsPerPunt,46.00-47.99,tier_1,2,48.0,46.00
P,tier_5,YardsPerPunt,44.00-45.99,tier_2,1,46.0,44.00
P,tier_5,YardsPerPunt,42.00-43.99,tier_3,-1,44.0,42.00
P,tier_5,YardsPerPunt,41.00-41.99,tier_4,-3,42.0,41.00
P,tier_5,YardsPerPunt,0.00-40.99,tier_5,-5,41.0,0.00
P,tier_5,NetYardsToPuntYards,0.97-2.00,tier_0,3,2.01,0.97
P,tier_5,NetYardsToPuntYards,0.95-0.96,tier_1,2,0.97,0.95
P,tier_5,NetYardsToPuntYards,0.93-0.94,tier_2,1,0.95,0.93
P,tier_5,NetYardsToPuntYards,0.90-0.92,tier_3,0,0.93,0.90
P,tier_5,NetYardsToPuntYards,0.87-0.89,tier_4,-1,0.9,0.87
P,tier_5,NetYardsToPuntYards,0.00-0.86,tier_5,-2,0.87,0.00
P,tier_6,PuntTBPerIn20,0.00,tier_0,4,0.00,0.00
P,tier_6,PuntTBPerIn20,0.01-0.10,tier_1,3,0.11,0.01
P,tier_6,PuntTBPerIn20,0.11-0.15,tier_2,2,0.16,0.11
P,tier_6,PuntTBPerIn20,0.16-0.20,tier_3,0,0.21,0.16
P,tier_6,PuntTBPerIn20,0.21-0.25,tier_4,-2,0.26,0.21
P,tier_6,PuntTBPerIn20,0.25-10.00,tier_5,-4,10.01,0.25
P,tier_6,YardsPerPunt,48.00-75.00,tier_0,4,75.01,48.00
P,tier_6,YardsPerPunt,46.00-47.99,tier_1,3,48.0,46.00
P,tier_6,YardsPerPunt,44.00-45.99,tier_2,2,46.0,44.00
P,tier_6,YardsPerPunt,42.00-43.99,tier_3,0,44.0,42.00
P,tier_6,YardsPerPunt,41.00-41.99,tier_4,-2,42.0,41.00
P,tier_6,YardsPerPunt,0.00-40.99,tier_5,-4,41.0,0.00
P,tier_6,NetYardsToPuntYards,0.97-2.00,tier_0,4,2.01,0.97
P,tier_6,NetYardsToPuntYards,0.95-0.96,tier_1,3,0.97,0.95
P,tier_6,NetYardsToPuntYards,0.93-0.94,tier_2,2,0.95,0.93
P,tier_6,NetYardsToPuntYards,0.90-0.92,tier_3,0,0.93,0.90
P,tier_6,NetYardsToPuntYards,0.87-0.89,tier_4,-1,0.9,0.87
P,tier_6,NetYardsToPuntYards,0.00-0.86,tier_5,-2,0.87,0.00
